route_id,stop_id,y_true,p_logistic_calibrated,p_random_forest,p_prevalence,split,threshold_hours
RouteID_693060a6-88bb-4324-9e9c-925d5240263c,AH,1,0.5335957635190713,0.5960840276277797,0.5393258426966292,test,4.0
RouteID_693060a6-88bb-4324-9e9c-925d5240263c,AJ,0,0.5654875132201974,0.5892485933595786,0.5393258426966292,test,4.0
RouteID_693060a6-88bb-4324-9e9c-925d5240263c,AL,0,0.550154943475045,0.5791655532627071,0.5393258426966292,test,4.0
RouteID_693060a6-88bb-4324-9e9c-925d5240263c,AM,1,0.5237390121955794,0.5986182712705957,0.5393258426966292,test,4.0
RouteID_693060a6-88bb-4324-9e9c-925d5240263c,AO,1,0.5633732101915416,0.5901881470122381,0.5393258426966292,test,4.0
RouteID_693060a6-88bb-4324-9e9c-925d5240263c,AY,1,0.5507334770721893,0.5990730408643515,0.5393258426966292,test,4.0
RouteID_693060a6-88bb-4324-9e9c-925d5240263c,BD,1,0.5856614235457884,0.6032452646288415,0.5393258426966292,test,4.0
RouteID_693060a6-88bb-4324-9e9c-925d5240263c,BF,0,0.5584846566215493,0.582073437993388,0.5393258426966292,test,4.0
RouteID_693060a6-88bb-4324-9e9c-925d5240263c,BG,1,0.5520009032484252,0.5841750906066182,0.5393258426966292,test,4.0
RouteID_693060a6-88bb-4324-9e9c-925d5240263c,BK,1,0.5464566615550362,0.5974017399196828,0.5393258426966292,test,4.0
RouteID_693060a6-88bb-4324-9e9c-925d5240263c,BL,1,0.562684140496197,0.5816695257673629,0.5393258426966292,test,4.0
RouteID_693060a6-88bb-4324-9e9c-925d5240263c,BO,0,0.5471046601760367,0.5895652262147061,0.5393258426966292,test,4.0
RouteID_693060a6-88bb-4324-9e9c-925d5240263c,BS,1,0.5495044569102882,0.5845963278736616,0.5393258426966292,test,4.0
RouteID_693060a6-88bb-4324-9e9c-925d5240263c,BU,0,0.5378021140009086,0.5750991459193322,0.5393258426966292,test,4.0
RouteID_693060a6-88bb-4324-9e9c-925d5240263c,BY,0,0.5813359919007377,0.5904896664162237,0.5393258426966292,test,4.0
RouteID_693060a6-88bb-4324-9e9c-925d5240263c,CA,1,0.5468590919503117,0.6096556956952514,0.5393258426966292,test,4.0
RouteID_693060a6-88bb-4324-9e9c-925d5240263c,CC,1,0.5445605506000057,0.6007931115209755,0.5393258426966292,test,4.0
RouteID_693060a6-88bb-4324-9e9c-925d5240263c,CP,0,0.5557612936988361,0.5775059247713428,0.5393258426966292,test,4.0
RouteID_693060a6-88bb-4324-9e9c-925d5240263c,CQ,1,0.5609141338459074,0.5755989154220508,0.5393258426966292,test,4.0
RouteID_693060a6-88bb-4324-9e9c-925d5240263c,CV,1,0.5810600932525627,0.587096230523534,0.5393258426966292,test,4.0
RouteID_693060a6-88bb-4324-9e9c-925d5240263c,CX,1,0.5587279933003134,0.5725509326349837,0.5393258426966292,test,4.0
RouteID_693060a6-88bb-4324-9e9c-925d5240263c,DA,0,0.5517843734896546,0.5795803824045216,0.5393258426966292,test,4.0
RouteID_693060a6-88bb-4324-9e9c-925d5240263c,DJ,1,0.5601405561419228,0.5904142320356353,0.5393258426966292,test,4.0
RouteID_693060a6-88bb-4324-9e9c-925d5240263c,DK,1,0.5670693380208817,0.587824280439578,0.5393258426966292,test,4.0
RouteID_693060a6-88bb-4324-9e9c-925d5240263c,DQ,1,0.5489563362677903,0.5971915878393917,0.5393258426966292,test,4.0
RouteID_693060a6-88bb-4324-9e9c-925d5240263c,DR,0,0.5574490677459799,0.5703553926566383,0.5393258426966292,test,4.0
RouteID_693060a6-88bb-4324-9e9c-925d5240263c,DS,1,0.5548577167421502,0.5779229058052945,0.5393258426966292,test,4.0
RouteID_693060a6-88bb-4324-9e9c-925d5240263c,DU,0,0.5540255656708382,0.6003076485591292,0.5393258426966292,test,4.0
RouteID_693060a6-88bb-4324-9e9c-925d5240263c,DW,1,0.5679204073040736,0.5879537054326935,0.5393258426966292,test,4.0
RouteID_693060a6-88bb-4324-9e9c-925d5240263c,EA,1,0.5605382033168128,0.5855844125478437,0.5393258426966292,test,4.0
RouteID_693060a6-88bb-4324-9e9c-925d5240263c,ED,1,0.5456510000273682,0.6089702209573965,0.5393258426966292,test,4.0
RouteID_693060a6-88bb-4324-9e9c-925d5240263c,EF,1,0.5458537102797096,0.6040247105728295,0.5393258426966292,test,4.0
RouteID_693060a6-88bb-4324-9e9c-925d5240263c,EI,1,0.56116127466056,0.6038288120864765,0.5393258426966292,test,4.0
RouteID_693060a6-88bb-4324-9e9c-925d5240263c,ER,0,0.5539882256787606,0.5842805815601944,0.5393258426966292,test,4.0
RouteID_693060a6-88bb-4324-9e9c-925d5240263c,ET,0,0.5456935479768747,0.5831596292630944,0.5393258426966292,test,4.0
RouteID_693060a6-88bb-4324-9e9c-925d5240263c,FP,0,0.557741605736632,0.589356761882464,0.5393258426966292,test,4.0
RouteID_693060a6-88bb-4324-9e9c-925d5240263c,FQ,0,0.5577334801802519,0.5773746644234415,0.5393258426966292,test,4.0
RouteID_693060a6-88bb-4324-9e9c-925d5240263c,FT,1,0.5737644306657048,0.5875656012916103,0.5393258426966292,test,4.0
RouteID_693060a6-88bb-4324-9e9c-925d5240263c,GB,0,0.5571444896756583,0.5780695391046502,0.5393258426966292,test,4.0
RouteID_693060a6-88bb-4324-9e9c-925d5240263c,GF,0,0.5607680111360308,0.5804448832791278,0.5393258426966292,test,4.0
RouteID_693060a6-88bb-4324-9e9c-925d5240263c,GG,0,0.5364780644917255,0.6009488291495746,0.5393258426966292,test,4.0
RouteID_693060a6-88bb-4324-9e9c-925d5240263c,GN,1,0.5724156594285653,0.6054858314473641,0.5393258426966292,test,4.0
RouteID_693060a6-88bb-4324-9e9c-925d5240263c,GR,1,0.5628671601041696,0.5825327089991164,0.5393258426966292,test,4.0
RouteID_693060a6-88bb-4324-9e9c-925d5240263c,GV,0,0.5589536867184636,0.5878658806342962,0.5393258426966292,test,4.0
RouteID_693060a6-88bb-4324-9e9c-925d5240263c,HC,1,0.5605428891956685,0.581648580759056,0.5393258426966292,test,4.0
RouteID_693060a6-88bb-4324-9e9c-925d5240263c,HP,1,0.549968227704795,0.5933114479327326,0.5393258426966292,test,4.0
RouteID_693060a6-88bb-4324-9e9c-925d5240263c,HW,0,0.5580672771330828,0.5915713468962418,0.5393258426966292,test,4.0
RouteID_693060a6-88bb-4324-9e9c-925d5240263c,HX,1,0.5472864989959868,0.5932715172598308,0.5393258426966292,test,4.0
RouteID_693060a6-88bb-4324-9e9c-925d5240263c,IA,0,0.5575506989611415,0.5832780725567914,0.5393258426966292,test,4.0
RouteID_693060a6-88bb-4324-9e9c-925d5240263c,IE,0,0.5591679542945142,0.5853752473704571,0.5393258426966292,test,4.0
RouteID_693060a6-88bb-4324-9e9c-925d5240263c,IF,0,0.5564217371043937,0.5703553926566383,0.5393258426966292,test,4.0
RouteID_693060a6-88bb-4324-9e9c-925d5240263c,IQ,0,0.5590186467804062,0.5789689597862091,0.5393258426966292,test,4.0
RouteID_693060a6-88bb-4324-9e9c-925d5240263c,IX,0,0.5545263158160026,0.5672303476383886,0.5393258426966292,test,4.0
RouteID_693060a6-88bb-4324-9e9c-925d5240263c,JB,0,0.5565071740696507,0.5908810865472526,0.5393258426966292,test,4.0
RouteID_693060a6-88bb-4324-9e9c-925d5240263c,JG,0,0.5605258628233084,0.5852359271424267,0.5393258426966292,test,4.0
RouteID_693060a6-88bb-4324-9e9c-925d5240263c,JH,1,0.55727831970723,0.6008337274637264,0.5393258426966292,test,4.0
RouteID_693060a6-88bb-4324-9e9c-925d5240263c,JI,1,0.5725014861684015,0.6051783931178671,0.5393258426966292,test,4.0
RouteID_693060a6-88bb-4324-9e9c-925d5240263c,JM,0,0.5598854503300619,0.581882078015442,0.5393258426966292,test,4.0
RouteID_693060a6-88bb-4324-9e9c-925d5240263c,JP,0,0.5510800198600837,0.6005364267504018,0.5393258426966292,test,4.0
RouteID_693060a6-88bb-4324-9e9c-925d5240263c,JR,0,0.5523818943959676,0.5872230677856902,0.5393258426966292,test,4.0
RouteID_693060a6-88bb-4324-9e9c-925d5240263c,JS,1,0.5599163280650481,0.5919835504851828,0.5393258426966292,test,4.0
RouteID_693060a6-88bb-4324-9e9c-925d5240263c,JU,1,0.5451815423373239,0.6107564907376064,0.5393258426966292,test,4.0
RouteID_693060a6-88bb-4324-9e9c-925d5240263c,JX,0,0.5557288007039556,0.5820543729781568,0.5393258426966292,test,4.0
RouteID_693060a6-88bb-4324-9e9c-925d5240263c,KE,1,0.5602572257114932,0.5855844125478437,0.5393258426966292,test,4.0
RouteID_693060a6-88bb-4324-9e9c-925d5240263c,KF,0,0.5563298176865934,0.5846890735932021,0.5393258426966292,test,4.0
RouteID_693060a6-88bb-4324-9e9c-925d5240263c,KQ,1,0.5605068611168526,0.5842159661421668,0.5393258426966292,test,4.0
RouteID_693060a6-88bb-4324-9e9c-925d5240263c,KR,1,0.5563364033205734,0.5798225808231102,0.5393258426966292,test,4.0
RouteID_693060a6-88bb-4324-9e9c-925d5240263c,KS,1,0.543758937241729,0.5826808973095479,0.5393258426966292,test,4.0
RouteID_693060a6-88bb-4324-9e9c-925d5240263c,KU,1,0.5585766236893748,0.5897100219932134,0.5393258426966292,test,4.0
RouteID_693060a6-88bb-4324-9e9c-925d5240263c,KV,1,0.5457037420212761,0.6071590445825686,0.5393258426966292,test,4.0
RouteID_693060a6-88bb-4324-9e9c-925d5240263c,KX,1,0.552778130648802,0.5901298199185411,0.5393258426966292,test,4.0
RouteID_693060a6-88bb-4324-9e9c-925d5240263c,LC,0,0.5395218759589028,0.5959554592026431,0.5393258426966292,test,4.0
RouteID_693060a6-88bb-4324-9e9c-925d5240263c,LD,0,0.565918474838335,0.5819983834101105,0.5393258426966292,test,4.0
RouteID_693060a6-88bb-4324-9e9c-925d5240263c,LG,0,0.5543754171510646,0.5820439532429992,0.5393258426966292,test,4.0
RouteID_693060a6-88bb-4324-9e9c-925d5240263c,LI,1,0.5568624748328688,0.567210899945838,0.5393258426966292,test,4.0
RouteID_693060a6-88bb-4324-9e9c-925d5240263c,LR,0,0.5854890502008178,0.5853758229486128,0.5393258426966292,test,4.0
RouteID_693060a6-88bb-4324-9e9c-925d5240263c,LY,0,0.5581101411887457,0.5841837627788476,0.5393258426966292,test,4.0
RouteID_693060a6-88bb-4324-9e9c-925d5240263c,MC,0,0.5511256774912722,0.5810833354414692,0.5393258426966292,test,4.0
RouteID_693060a6-88bb-4324-9e9c-925d5240263c,MH,1,0.5553354726918472,0.5911255498456452,0.5393258426966292,test,4.0
RouteID_693060a6-88bb-4324-9e9c-925d5240263c,MJ,0,0.01342009903213108,0.30738820778559,0.5393258426966292,test,4.0
RouteID_693060a6-88bb-4324-9e9c-925d5240263c,ML,0,0.5497498115057908,0.6020899100676698,0.5393258426966292,test,4.0
RouteID_693060a6-88bb-4324-9e9c-925d5240263c,MW,0,0.5559485897731734,0.563311672041788,0.5393258426966292,test,4.0
RouteID_693060a6-88bb-4324-9e9c-925d5240263c,NB,0,0.5588595312078829,0.585293712161982,0.5393258426966292,test,4.0
RouteID_693060a6-88bb-4324-9e9c-925d5240263c,NF,1,0.5717868345781163,0.5936653632549838,0.5393258426966292,test,4.0
RouteID_693060a6-88bb-4324-9e9c-925d5240263c,NH,0,0.5449668925814092,0.5935863863898081,0.5393258426966292,test,4.0
RouteID_693060a6-88bb-4324-9e9c-925d5240263c,NN,1,0.5607696049532198,0.5815133125704668,0.5393258426966292,test,4.0
RouteID_693060a6-88bb-4324-9e9c-925d5240263c,NR,0,0.554621887279761,0.5765810343457413,0.5393258426966292,test,4.0
RouteID_693060a6-88bb-4324-9e9c-925d5240263c,NS,1,0.5681400210751707,0.587824280439578,0.5393258426966292,test,4.0
RouteID_693060a6-88bb-4324-9e9c-925d5240263c,NT,1,0.5583032715739435,0.5703987878714983,0.5393258426966292,test,4.0
RouteID_693060a6-88bb-4324-9e9c-925d5240263c,NW,0,0.541481115146067,0.5758629296988265,0.5393258426966292,test,4.0
RouteID_693060a6-88bb-4324-9e9c-925d5240263c,NZ,1,0.5650232223732322,0.5821513503206868,0.5393258426966292,test,4.0
RouteID_693060a6-88bb-4324-9e9c-925d5240263c,OE,1,0.5539538703322998,0.5895572728894185,0.5393258426966292,test,4.0
RouteID_693060a6-88bb-4324-9e9c-925d5240263c,OG,0,0.5537582324691169,0.5810639567923417,0.5393258426966292,test,4.0
RouteID_693060a6-88bb-4324-9e9c-925d5240263c,OJ,0,0.5342164917214499,0.5738960959569377,0.5393258426966292,test,4.0
RouteID_693060a6-88bb-4324-9e9c-925d5240263c,ON,0,0.5540836311215279,0.5696832664707261,0.5393258426966292,test,4.0
RouteID_693060a6-88bb-4324-9e9c-925d5240263c,OQ,1,0.5566724249955943,0.5814903541607581,0.5393258426966292,test,4.0
RouteID_693060a6-88bb-4324-9e9c-925d5240263c,OS,0,0.5569767307740477,0.5847242622144042,0.5393258426966292,test,4.0
RouteID_693060a6-88bb-4324-9e9c-925d5240263c,OW,0,0.5573208943468521,0.5718147497656836,0.5393258426966292,test,4.0
RouteID_693060a6-88bb-4324-9e9c-925d5240263c,OX,0,0.5546890529598906,0.5863631533504159,0.5393258426966292,test,4.0
RouteID_693060a6-88bb-4324-9e9c-925d5240263c,PE,0,0.5555661596558946,0.571422598867571,0.5393258426966292,test,4.0
RouteID_693060a6-88bb-4324-9e9c-925d5240263c,PI,1,0.5548712932661675,0.5821435509984342,0.5393258426966292,test,4.0
RouteID_693060a6-88bb-4324-9e9c-925d5240263c,PJ,1,0.5662786286779459,0.5871234717669503,0.5393258426966292,test,4.0
RouteID_693060a6-88bb-4324-9e9c-925d5240263c,PL,1,0.5359512980823719,0.5877932207323971,0.5393258426966292,test,4.0
RouteID_693060a6-88bb-4324-9e9c-925d5240263c,PQ,0,0.5556970461124202,0.5820543729781568,0.5393258426966292,test,4.0
RouteID_693060a6-88bb-4324-9e9c-925d5240263c,PT,0,0.5566232516738485,0.5703553926566383,0.5393258426966292,test,4.0
RouteID_693060a6-88bb-4324-9e9c-925d5240263c,PV,0,0.5520320275077043,0.5875514649151472,0.5393258426966292,test,4.0
RouteID_693060a6-88bb-4324-9e9c-925d5240263c,QD,0,0.5652831063275687,0.5865547136567629,0.5393258426966292,test,4.0
RouteID_693060a6-88bb-4324-9e9c-925d5240263c,QH,0,0.5575154082793277,0.563655049699087,0.5393258426966292,test,4.0
RouteID_693060a6-88bb-4324-9e9c-925d5240263c,QJ,1,0.5526307674202179,0.5919451110186963,0.5393258426966292,test,4.0
RouteID_693060a6-88bb-4324-9e9c-925d5240263c,QM,0,0.5909616834563796,0.587859295179682,0.5393258426966292,test,4.0
RouteID_693060a6-88bb-4324-9e9c-925d5240263c,QQ,1,0.5483855597179368,0.5925966866034935,0.5393258426966292,test,4.0
RouteID_693060a6-88bb-4324-9e9c-925d5240263c,QV,0,0.537947371255676,0.5938115735386761,0.5393258426966292,test,4.0
RouteID_693060a6-88bb-4324-9e9c-925d5240263c,QW,0,0.5529994562870431,0.5965306324345709,0.5393258426966292,test,4.0
RouteID_693060a6-88bb-4324-9e9c-925d5240263c,QY,0,0.553797515946027,0.5700238455672774,0.5393258426966292,test,4.0
RouteID_693060a6-88bb-4324-9e9c-925d5240263c,QZ,1,0.5633952784905527,0.5847550061879524,0.5393258426966292,test,4.0
RouteID_693060a6-88bb-4324-9e9c-925d5240263c,RC,0,0.5440742349528773,0.5796138849781809,0.5393258426966292,test,4.0
RouteID_693060a6-88bb-4324-9e9c-925d5240263c,RG,1,0.5574686414641464,0.5793142506364723,0.5393258426966292,test,4.0
RouteID_693060a6-88bb-4324-9e9c-925d5240263c,RL,1,0.5334115713295773,0.5938844727479078,0.5393258426966292,test,4.0
RouteID_693060a6-88bb-4324-9e9c-925d5240263c,RN,0,0.5416512920713344,0.5774129846855518,0.5393258426966292,test,4.0
RouteID_693060a6-88bb-4324-9e9c-925d5240263c,RO,0,0.5543317298945548,0.5867457677413234,0.5393258426966292,test,4.0
RouteID_693060a6-88bb-4324-9e9c-925d5240263c,SC,0,0.5560522810219439,0.5657447237174291,0.5393258426966292,test,4.0
RouteID_693060a6-88bb-4324-9e9c-925d5240263c,SE,1,0.5609261790761282,0.5823822368891328,0.5393258426966292,test,4.0
RouteID_693060a6-88bb-4324-9e9c-925d5240263c,SG,1,0.5646381739105653,0.5877901233146331,0.5393258426966292,test,4.0
RouteID_693060a6-88bb-4324-9e9c-925d5240263c,SK,1,0.555337892502415,0.5831860656573002,0.5393258426966292,test,4.0
RouteID_693060a6-88bb-4324-9e9c-925d5240263c,SL,1,0.5407223880168462,0.6024098180666263,0.5393258426966292,test,4.0
RouteID_693060a6-88bb-4324-9e9c-925d5240263c,SQ,1,0.5603598000873976,0.5864287222597131,0.5393258426966292,test,4.0
RouteID_693060a6-88bb-4324-9e9c-925d5240263c,ST,0,0.5556681624931944,0.576576192009667,0.5393258426966292,test,4.0
RouteID_693060a6-88bb-4324-9e9c-925d5240263c,SW,1,0.5592279658975435,0.5865187893515862,0.5393258426966292,test,4.0
RouteID_693060a6-88bb-4324-9e9c-925d5240263c,SZ,0,0.5546544352702765,0.5743137203287444,0.5393258426966292,test,4.0
RouteID_693060a6-88bb-4324-9e9c-925d5240263c,TC,0,0.5343235737412428,0.5625039368510626,0.5393258426966292,test,4.0
RouteID_693060a6-88bb-4324-9e9c-925d5240263c,TF,1,0.5499254494555392,0.6054796517465011,0.5393258426966292,test,4.0
RouteID_693060a6-88bb-4324-9e9c-925d5240263c,TK,1,0.536030770603046,0.6009488291495746,0.5393258426966292,test,4.0
RouteID_693060a6-88bb-4324-9e9c-925d5240263c,TO,0,0.5572233948629649,0.5817456343925026,0.5393258426966292,test,4.0
RouteID_693060a6-88bb-4324-9e9c-925d5240263c,TS,1,0.554575438630567,0.5655086877952802,0.5393258426966292,test,4.0
RouteID_693060a6-88bb-4324-9e9c-925d5240263c,TY,1,0.5580041613750177,0.5855856570104102,0.5393258426966292,test,4.0
RouteID_693060a6-88bb-4324-9e9c-925d5240263c,UB,0,0.5634047598576656,0.58971447187073,0.5393258426966292,test,4.0
RouteID_693060a6-88bb-4324-9e9c-925d5240263c,UO,0,0.5520892946162158,0.5833283137069097,0.5393258426966292,test,4.0
RouteID_693060a6-88bb-4324-9e9c-925d5240263c,UP,1,0.5764229498354139,0.6002794319176915,0.5393258426966292,test,4.0
RouteID_693060a6-88bb-4324-9e9c-925d5240263c,UQ,1,0.5515513400522365,0.6025920741162969,0.5393258426966292,test,4.0
RouteID_693060a6-88bb-4324-9e9c-925d5240263c,UV,0,0.5620976176863854,0.5750384703817998,0.5393258426966292,test,4.0
RouteID_693060a6-88bb-4324-9e9c-925d5240263c,VC,1,0.5539577797181091,0.5895572728894185,0.5393258426966292,test,4.0
RouteID_693060a6-88bb-4324-9e9c-925d5240263c,VH,0,0.5602809694529558,0.5854485354610055,0.5393258426966292,test,4.0
RouteID_693060a6-88bb-4324-9e9c-925d5240263c,VO,0,0.5409837458575617,0.5796831497947499,0.5393258426966292,test,4.0
RouteID_693060a6-88bb-4324-9e9c-925d5240263c,VQ,0,0.547334978282639,0.5804374300168793,0.5393258426966292,test,4.0
RouteID_693060a6-88bb-4324-9e9c-925d5240263c,VS,1,0.5481028078932602,0.5883084741440842,0.5393258426966292,test,4.0
RouteID_693060a6-88bb-4324-9e9c-925d5240263c,VU,1,0.5481313989046349,0.6090636012236016,0.5393258426966292,test,4.0
RouteID_693060a6-88bb-4324-9e9c-925d5240263c,VY,1,0.5642471743276936,0.583108257998623,0.5393258426966292,test,4.0
RouteID_693060a6-88bb-4324-9e9c-925d5240263c,WD,0,0.5474193855035783,0.6010060657951205,0.5393258426966292,test,4.0
RouteID_693060a6-88bb-4324-9e9c-925d5240263c,WF,0,0.5703974942085098,0.5853318045662558,0.5393258426966292,test,4.0
RouteID_693060a6-88bb-4324-9e9c-925d5240263c,WK,1,0.5636248026036651,0.5913902939257113,0.5393258426966292,test,4.0
RouteID_693060a6-88bb-4324-9e9c-925d5240263c,WW,1,0.5644077787279387,0.5791180691817316,0.5393258426966292,test,4.0
RouteID_693060a6-88bb-4324-9e9c-925d5240263c,WZ,0,0.538898840301698,0.5871604023394174,0.5393258426966292,test,4.0
RouteID_693060a6-88bb-4324-9e9c-925d5240263c,XB,0,0.5527985372813332,0.5862620278501723,0.5393258426966292,test,4.0
RouteID_693060a6-88bb-4324-9e9c-925d5240263c,XE,0,0.5526984539196035,0.5768192938255998,0.5393258426966292,test,4.0
RouteID_693060a6-88bb-4324-9e9c-925d5240263c,XR,0,0.03858759134002091,0.31857747542272974,0.5393258426966292,test,4.0
RouteID_693060a6-88bb-4324-9e9c-925d5240263c,XZ,1,0.5390503230307158,0.6129551797107153,0.5393258426966292,test,4.0
RouteID_693060a6-88bb-4324-9e9c-925d5240263c,YC,0,0.5432646812796922,0.5889456619871647,0.5393258426966292,test,4.0
RouteID_693060a6-88bb-4324-9e9c-925d5240263c,YU,1,0.5580640593043665,0.5820374732135928,0.5393258426966292,test,4.0
RouteID_693060a6-88bb-4324-9e9c-925d5240263c,YY,1,0.5442225975754817,0.6066974794927797,0.5393258426966292,test,4.0
RouteID_693060a6-88bb-4324-9e9c-925d5240263c,ZA,0,0.5490318267821445,0.5979252434768457,0.5393258426966292,test,4.0
RouteID_693060a6-88bb-4324-9e9c-925d5240263c,ZB,1,0.5378625150273131,0.5772089390623208,0.5393258426966292,test,4.0
RouteID_693060a6-88bb-4324-9e9c-925d5240263c,ZC,1,0.5371837776200596,0.6039093320282075,0.5393258426966292,test,4.0
RouteID_693060a6-88bb-4324-9e9c-925d5240263c,ZD,1,0.5424225581817108,0.5642939853423802,0.5393258426966292,test,4.0
RouteID_693060a6-88bb-4324-9e9c-925d5240263c,ZI,0,0.5572342136589563,0.5870839520224753,0.5393258426966292,test,4.0
RouteID_693060a6-88bb-4324-9e9c-925d5240263c,ZP,1,0.5601489194140484,0.581562010834752,0.5393258426966292,test,4.0
RouteID_693060a6-88bb-4324-9e9c-925d5240263c,ZT,0,0.549238468001204,0.5853684090425244,0.5393258426966292,test,4.0
RouteID_693060a6-88bb-4324-9e9c-925d5240263c,ZV,1,0.5708285062173137,0.587824280439578,0.5393258426966292,test,4.0
RouteID_7f5d87f0-c39f-434f-bf3f-b159ef321909,AE,0,0.5614173274190711,0.5103946042662947,0.5393258426966292,test,4.0
RouteID_7f5d87f0-c39f-434f-bf3f-b159ef321909,AI,1,0.5666272113875348,0.5161395331967007,0.5393258426966292,test,4.0
RouteID_7f5d87f0-c39f-434f-bf3f-b159ef321909,AM,0,0.5543501834293123,0.5254871190557603,0.5393258426966292,test,4.0
RouteID_7f5d87f0-c39f-434f-bf3f-b159ef321909,AP,0,0.5701842712114423,0.528238120592216,0.5393258426966292,test,4.0
RouteID_7f5d87f0-c39f-434f-bf3f-b159ef321909,AR,0,0.5684684383698742,0.5146656705461657,0.5393258426966292,test,4.0
RouteID_7f5d87f0-c39f-434f-bf3f-b159ef321909,AT,0,0.5332065588822833,0.5035105649121343,0.5393258426966292,test,4.0
RouteID_7f5d87f0-c39f-434f-bf3f-b159ef321909,AU,0,0.5867015823170919,0.5208710570199304,0.5393258426966292,test,4.0
RouteID_7f5d87f0-c39f-434f-bf3f-b159ef321909,BA,1,0.5670653056885382,0.5344967965060149,0.5393258426966292,test,4.0
RouteID_7f5d87f0-c39f-434f-bf3f-b159ef321909,BF,0,0.5677287725625946,0.5263219750810688,0.5393258426966292,test,4.0
RouteID_7f5d87f0-c39f-434f-bf3f-b159ef321909,BG,1,0.5677671795533742,0.5214292465740583,0.5393258426966292,test,4.0
RouteID_7f5d87f0-c39f-434f-bf3f-b159ef321909,BM,1,0.5389543199156406,0.5324111426408433,0.5393258426966292,test,4.0
RouteID_7f5d87f0-c39f-434f-bf3f-b159ef321909,BN,1,0.5697449926470454,0.5515855906142944,0.5393258426966292,test,4.0
RouteID_7f5d87f0-c39f-434f-bf3f-b159ef321909,BO,0,0.5386400572688713,0.5094063158239527,0.5393258426966292,test,4.0
RouteID_7f5d87f0-c39f-434f-bf3f-b159ef321909,BQ,0,0.5687854488967182,0.5215585801255597,0.5393258426966292,test,4.0
RouteID_7f5d87f0-c39f-434f-bf3f-b159ef321909,BV,1,0.5517736219332667,0.5131752373524581,0.5393258426966292,test,4.0
RouteID_7f5d87f0-c39f-434f-bf3f-b159ef321909,BY,1,0.5585580143626877,0.5440204127140699,0.5393258426966292,test,4.0
RouteID_7f5d87f0-c39f-434f-bf3f-b159ef321909,CE,0,0.5697445195707703,0.5201531881648928,0.5393258426966292,test,4.0
RouteID_7f5d87f0-c39f-434f-bf3f-b159ef321909,CF,0,0.5813807910325365,0.5234347648874315,0.5393258426966292,test,4.0
RouteID_7f5d87f0-c39f-434f-bf3f-b159ef321909,CH,0,0.5698731718312301,0.5432092241287114,0.5393258426966292,test,4.0
RouteID_7f5d87f0-c39f-434f-bf3f-b159ef321909,CQ,1,0.553147178985481,0.5328475730437665,0.5393258426966292,test,4.0
RouteID_7f5d87f0-c39f-434f-bf3f-b159ef321909,CW,0,0.5717788983564521,0.5425322336028077,0.5393258426966292,test,4.0
RouteID_7f5d87f0-c39f-434f-bf3f-b159ef321909,DA,0,0.5746601381633535,0.5311612081661404,0.5393258426966292,test,4.0
RouteID_7f5d87f0-c39f-434f-bf3f-b159ef321909,DI,1,0.5743848757578581,0.5214849577777907,0.5393258426966292,test,4.0
RouteID_7f5d87f0-c39f-434f-bf3f-b159ef321909,DK,0,0.5619430564477533,0.5224178481788634,0.5393258426966292,test,4.0
RouteID_7f5d87f0-c39f-434f-bf3f-b159ef321909,DO,1,0.553177328968317,0.5186117611933595,0.5393258426966292,test,4.0
RouteID_7f5d87f0-c39f-434f-bf3f-b159ef321909,DS,0,0.5711085693536837,0.5212234277126294,0.5393258426966292,test,4.0
RouteID_7f5d87f0-c39f-434f-bf3f-b159ef321909,DT,0,0.5590673273952117,0.5201816107234174,0.5393258426966292,test,4.0
RouteID_7f5d87f0-c39f-434f-bf3f-b159ef321909,DW,0,0.5660639488475374,0.51855735738698,0.5393258426966292,test,4.0
RouteID_7f5d87f0-c39f-434f-bf3f-b159ef321909,DZ,1,0.5694709672313334,0.547498031912798,0.5393258426966292,test,4.0
RouteID_7f5d87f0-c39f-434f-bf3f-b159ef321909,EA,1,0.5865418356276652,0.5282522649619519,0.5393258426966292,test,4.0
RouteID_7f5d87f0-c39f-434f-bf3f-b159ef321909,EF,1,0.5716733648109866,0.542138377129041,0.5393258426966292,test,4.0
RouteID_7f5d87f0-c39f-434f-bf3f-b159ef321909,EK,1,0.56642755695686,0.5239474024785858,0.5393258426966292,test,4.0
RouteID_7f5d87f0-c39f-434f-bf3f-b159ef321909,EO,1,0.5793177178550678,0.5500804926856395,0.5393258426966292,test,4.0
RouteID_7f5d87f0-c39f-434f-bf3f-b159ef321909,EQ,1,0.5703272181991319,0.5322399346442742,0.5393258426966292,test,4.0
RouteID_7f5d87f0-c39f-434f-bf3f-b159ef321909,EY,0,0.5779231091251193,0.5234425574151158,0.5393258426966292,test,4.0
RouteID_7f5d87f0-c39f-434f-bf3f-b159ef321909,FH,1,0.5636345778102945,0.5113280671319476,0.5393258426966292,test,4.0
RouteID_7f5d87f0-c39f-434f-bf3f-b159ef321909,FQ,0,0.5670285302882349,0.5262350568509593,0.5393258426966292,test,4.0
RouteID_7f5d87f0-c39f-434f-bf3f-b159ef321909,FR,1,0.5552130679237006,0.5113545484232429,0.5393258426966292,test,4.0
RouteID_7f5d87f0-c39f-434f-bf3f-b159ef321909,FV,0,0.5742853403522474,0.5182948047299523,0.5393258426966292,test,4.0
RouteID_7f5d87f0-c39f-434f-bf3f-b159ef321909,GC,0,0.5657575542907832,0.5117170890330854,0.5393258426966292,test,4.0
RouteID_7f5d87f0-c39f-434f-bf3f-b159ef321909,GG,0,0.5645121790048857,0.5220497907494839,0.5393258426966292,test,4.0
RouteID_7f5d87f0-c39f-434f-bf3f-b159ef321909,GJ,0,0.5686355511689756,0.5238707965846168,0.5393258426966292,test,4.0
RouteID_7f5d87f0-c39f-434f-bf3f-b159ef321909,GN,1,0.5731023221567423,0.5441281312116262,0.5393258426966292,test,4.0
RouteID_7f5d87f0-c39f-434f-bf3f-b159ef321909,GQ,0,0.5882625974981793,0.550935088520515,0.5393258426966292,test,4.0
RouteID_7f5d87f0-c39f-434f-bf3f-b159ef321909,GT,1,0.5753236283215704,0.5529681387353383,0.5393258426966292,test,4.0
RouteID_7f5d87f0-c39f-434f-bf3f-b159ef321909,GV,1,0.5570061013026187,0.5226226275917608,0.5393258426966292,test,4.0
RouteID_7f5d87f0-c39f-434f-bf3f-b159ef321909,GY,1,0.5660986668723348,0.5438741363502769,0.5393258426966292,test,4.0
RouteID_7f5d87f0-c39f-434f-bf3f-b159ef321909,GZ,1,0.5483921372629591,0.5221502595680656,0.5393258426966292,test,4.0
RouteID_7f5d87f0-c39f-434f-bf3f-b159ef321909,HB,1,0.5637860571502038,0.503539806365225,0.5393258426966292,test,4.0
RouteID_7f5d87f0-c39f-434f-bf3f-b159ef321909,HD,1,0.5564076295604657,0.5164184124265535,0.5393258426966292,test,4.0
RouteID_7f5d87f0-c39f-434f-bf3f-b159ef321909,HE,1,0.5713783939997013,0.5334500893110984,0.5393258426966292,test,4.0
RouteID_7f5d87f0-c39f-434f-bf3f-b159ef321909,HK,0,0.06851997090097674,0.3583185802265167,0.5393258426966292,test,4.0
RouteID_7f5d87f0-c39f-434f-bf3f-b159ef321909,IC,0,0.5503645840646415,0.5234734250080029,0.5393258426966292,test,4.0
RouteID_7f5d87f0-c39f-434f-bf3f-b159ef321909,IF,1,0.5704410082872854,0.5236255604626189,0.5393258426966292,test,4.0
RouteID_7f5d87f0-c39f-434f-bf3f-b159ef321909,IG,1,0.5520468958975189,0.5211089741125506,0.5393258426966292,test,4.0
RouteID_7f5d87f0-c39f-434f-bf3f-b159ef321909,II,0,0.5670165551788541,0.5196820915927814,0.5393258426966292,test,4.0
RouteID_7f5d87f0-c39f-434f-bf3f-b159ef321909,IK,0,0.5618351759171407,0.5116751528392218,0.5393258426966292,test,4.0
RouteID_7f5d87f0-c39f-434f-bf3f-b159ef321909,IO,1,0.5625141157166126,0.5197538329062584,0.5393258426966292,test,4.0
RouteID_7f5d87f0-c39f-434f-bf3f-b159ef321909,IP,1,0.5677222248916034,0.551615652392658,0.5393258426966292,test,4.0
RouteID_7f5d87f0-c39f-434f-bf3f-b159ef321909,IR,1,0.5699364388180553,0.5477737732848605,0.5393258426966292,test,4.0
RouteID_7f5d87f0-c39f-434f-bf3f-b159ef321909,IT,1,0.563482293457368,0.549418200462806,0.5393258426966292,test,4.0
RouteID_7f5d87f0-c39f-434f-bf3f-b159ef321909,JE,1,0.5692447270949279,0.5200587958573389,0.5393258426966292,test,4.0
RouteID_7f5d87f0-c39f-434f-bf3f-b159ef321909,JF,1,0.5615230590223217,0.542062845537739,0.5393258426966292,test,4.0
RouteID_7f5d87f0-c39f-434f-bf3f-b159ef321909,JG,1,0.5755884729590793,0.5514063305411339,0.5393258426966292,test,4.0
RouteID_7f5d87f0-c39f-434f-bf3f-b159ef321909,JI,1,0.5726859446178713,0.5450212388476231,0.5393258426966292,test,4.0
RouteID_7f5d87f0-c39f-434f-bf3f-b159ef321909,JO,0,0.5678819367491422,0.5170025887953645,0.5393258426966292,test,4.0
RouteID_7f5d87f0-c39f-434f-bf3f-b159ef321909,JP,1,0.5730625584329804,0.5421101684774281,0.5393258426966292,test,4.0
RouteID_7f5d87f0-c39f-434f-bf3f-b159ef321909,JR,1,0.5654184291847334,0.5106441191082448,0.5393258426966292,test,4.0
RouteID_7f5d87f0-c39f-434f-bf3f-b159ef321909,JS,0,0.5655614942350764,0.5240333158034927,0.5393258426966292,test,4.0
RouteID_7f5d87f0-c39f-434f-bf3f-b159ef321909,JX,0,0.5617422264646141,0.5075838617553997,0.5393258426966292,test,4.0
RouteID_7f5d87f0-c39f-434f-bf3f-b159ef321909,JY,1,0.5593602730222567,0.5449085041621579,0.5393258426966292,test,4.0
RouteID_7f5d87f0-c39f-434f-bf3f-b159ef321909,KA,1,0.5537590712242406,0.5207548356666054,0.5393258426966292,test,4.0
RouteID_7f5d87f0-c39f-434f-bf3f-b159ef321909,KD,0,0.5648803525863001,0.525439538656698,0.5393258426966292,test,4.0
RouteID_7f5d87f0-c39f-434f-bf3f-b159ef321909,KF,0,0.5587225250690809,0.5223882002175534,0.5393258426966292,test,4.0
RouteID_7f5d87f0-c39f-434f-bf3f-b159ef321909,KK,1,0.5588546572273055,0.5255162912449202,0.5393258426966292,test,4.0
RouteID_7f5d87f0-c39f-434f-bf3f-b159ef321909,KN,0,0.5618243662382878,0.5274025106566815,0.5393258426966292,test,4.0
RouteID_7f5d87f0-c39f-434f-bf3f-b159ef321909,KR,1,0.5627520218427337,0.5122713730202463,0.5393258426966292,test,4.0
RouteID_7f5d87f0-c39f-434f-bf3f-b159ef321909,KZ,0,0.5772441386327634,0.5245629737344154,0.5393258426966292,test,4.0
RouteID_7f5d87f0-c39f-434f-bf3f-b159ef321909,LA,0,0.5626007297726483,0.5227374588850463,0.5393258426966292,test,4.0
RouteID_7f5d87f0-c39f-434f-bf3f-b159ef321909,LE,0,0.5527723258251998,0.5342979179037308,0.5393258426966292,test,4.0
RouteID_7f5d87f0-c39f-434f-bf3f-b159ef321909,LI,1,0.5689978721726685,0.552166345233539,0.5393258426966292,test,4.0
RouteID_7f5d87f0-c39f-434f-bf3f-b159ef321909,LL,1,0.5803665868889359,0.5520610839722152,0.5393258426966292,test,4.0
RouteID_7f5d87f0-c39f-434f-bf3f-b159ef321909,LM,1,0.5660325162545871,0.5211691588260539,0.5393258426966292,test,4.0
RouteID_7f5d87f0-c39f-434f-bf3f-b159ef321909,LO,1,0.5398621930325964,0.5249229365169253,0.5393258426966292,test,4.0
RouteID_7f5d87f0-c39f-434f-bf3f-b159ef321909,LP,1,0.5747424146572233,0.5465582400947545,0.5393258426966292,test,4.0
RouteID_7f5d87f0-c39f-434f-bf3f-b159ef321909,LQ,0,0.5693592885520924,0.5441231203512592,0.5393258426966292,test,4.0
RouteID_7f5d87f0-c39f-434f-bf3f-b159ef321909,LU,0,0.5683412334113312,0.5323681864786481,0.5393258426966292,test,4.0
RouteID_7f5d87f0-c39f-434f-bf3f-b159ef321909,LV,1,0.5721504414949656,0.5488975741596197,0.5393258426966292,test,4.0
RouteID_7f5d87f0-c39f-434f-bf3f-b159ef321909,MA,1,0.5617479643788394,0.5137783034812853,0.5393258426966292,test,4.0
RouteID_7f5d87f0-c39f-434f-bf3f-b159ef321909,ME,0,0.621863336061664,0.5218345777351876,0.5393258426966292,test,4.0
RouteID_7f5d87f0-c39f-434f-bf3f-b159ef321909,MH,0,0.5677638294030505,0.527614397583877,0.5393258426966292,test,4.0
RouteID_7f5d87f0-c39f-434f-bf3f-b159ef321909,MI,0,0.04995986156875763,0.3581994121634012,0.5393258426966292,test,4.0
RouteID_7f5d87f0-c39f-434f-bf3f-b159ef321909,MK,1,0.567656280998551,0.5216858242563274,0.5393258426966292,test,4.0
RouteID_7f5d87f0-c39f-434f-bf3f-b159ef321909,MN,0,0.06564281446095939,0.30062800527306655,0.5393258426966292,test,4.0
RouteID_7f5d87f0-c39f-434f-bf3f-b159ef321909,MQ,0,0.5656277376980714,0.541154749460094,0.5393258426966292,test,4.0
RouteID_7f5d87f0-c39f-434f-bf3f-b159ef321909,MU,1,0.5654687246967082,0.5174651432820762,0.5393258426966292,test,4.0
RouteID_7f5d87f0-c39f-434f-bf3f-b159ef321909,MZ,0,0.55801667191513,0.5182859928469847,0.5393258426966292,test,4.0
RouteID_7f5d87f0-c39f-434f-bf3f-b159ef321909,NE,1,0.5701433064920166,0.5455839269910618,0.5393258426966292,test,4.0
RouteID_7f5d87f0-c39f-434f-bf3f-b159ef321909,NF,0,0.6040922495748052,0.5267640043338013,0.5393258426966292,test,4.0
RouteID_7f5d87f0-c39f-434f-bf3f-b159ef321909,NH,0,0.56644787687086,0.519815389320722,0.5393258426966292,test,4.0
RouteID_7f5d87f0-c39f-434f-bf3f-b159ef321909,NI,1,0.5644002530093233,0.5160848657012025,0.5393258426966292,test,4.0
RouteID_7f5d87f0-c39f-434f-bf3f-b159ef321909,NL,1,0.5653892449182405,0.5440384902187921,0.5393258426966292,test,4.0
RouteID_7f5d87f0-c39f-434f-bf3f-b159ef321909,NN,0,0.5738383149790672,0.5281007019406441,0.5393258426966292,test,4.0
RouteID_7f5d87f0-c39f-434f-bf3f-b159ef321909,NU,1,0.5671208426623005,0.5259364440986821,0.5393258426966292,test,4.0
RouteID_7f5d87f0-c39f-434f-bf3f-b159ef321909,OB,1,0.5553874879829604,0.5236451546115424,0.5393258426966292,test,4.0
RouteID_7f5d87f0-c39f-434f-bf3f-b159ef321909,OC,1,0.551697143222049,0.5270631763512819,0.5393258426966292,test,4.0
RouteID_7f5d87f0-c39f-434f-bf3f-b159ef321909,OM,0,0.5522344154936651,0.5358685723744105,0.5393258426966292,test,4.0
RouteID_7f5d87f0-c39f-434f-bf3f-b159ef321909,OO,0,0.583130272969948,0.5297185614123753,0.5393258426966292,test,4.0
RouteID_7f5d87f0-c39f-434f-bf3f-b159ef321909,PJ,0,0.5723040895495556,0.5239032710893743,0.5393258426966292,test,4.0
RouteID_7f5d87f0-c39f-434f-bf3f-b159ef321909,PL,1,0.5521086658481488,0.539309177256709,0.5393258426966292,test,4.0
RouteID_7f5d87f0-c39f-434f-bf3f-b159ef321909,PN,0,0.5513956105028212,0.5323866806359308,0.5393258426966292,test,4.0
RouteID_7f5d87f0-c39f-434f-bf3f-b159ef321909,PT,0,0.5592900424686504,0.5238841050864687,0.5393258426966292,test,4.0
RouteID_7f5d87f0-c39f-434f-bf3f-b159ef321909,PU,0,0.5593523337762358,0.5485606216071185,0.5393258426966292,test,4.0
RouteID_7f5d87f0-c39f-434f-bf3f-b159ef321909,QD,1,0.56571015613946,0.5092522076432698,0.5393258426966292,test,4.0
RouteID_7f5d87f0-c39f-434f-bf3f-b159ef321909,QE,1,0.5506706601617073,0.5270481622990738,0.5393258426966292,test,4.0
RouteID_7f5d87f0-c39f-434f-bf3f-b159ef321909,QK,1,0.5722326544123548,0.5260908191352741,0.5393258426966292,test,4.0
RouteID_7f5d87f0-c39f-434f-bf3f-b159ef321909,QO,0,0.07204076407431834,0.32548439286330505,0.5393258426966292,test,4.0
RouteID_7f5d87f0-c39f-434f-bf3f-b159ef321909,QS,0,0.564197161027383,0.5292152098650266,0.5393258426966292,test,4.0
RouteID_7f5d87f0-c39f-434f-bf3f-b159ef321909,QU,1,0.579812460047068,0.5517484592989325,0.5393258426966292,test,4.0
RouteID_7f5d87f0-c39f-434f-bf3f-b159ef321909,QV,1,0.5659417280461262,0.5150339061707109,0.5393258426966292,test,4.0
RouteID_7f5d87f0-c39f-434f-bf3f-b159ef321909,RC,1,0.5454049240936087,0.5312686712963509,0.5393258426966292,test,4.0
RouteID_7f5d87f0-c39f-434f-bf3f-b159ef321909,RH,1,0.5760039251193622,0.5509578037489608,0.5393258426966292,test,4.0
RouteID_7f5d87f0-c39f-434f-bf3f-b159ef321909,RK,1,0.5591160530772252,0.5351643013620391,0.5393258426966292,test,4.0
RouteID_7f5d87f0-c39f-434f-bf3f-b159ef321909,RS,1,0.5703572786933623,0.5453374678641333,0.5393258426966292,test,4.0
RouteID_7f5d87f0-c39f-434f-bf3f-b159ef321909,RU,1,0.5747239027325923,0.544742340282095,0.5393258426966292,test,4.0
RouteID_7f5d87f0-c39f-434f-bf3f-b159ef321909,RW,0,0.5696195617471662,0.5484435744145582,0.5393258426966292,test,4.0
RouteID_7f5d87f0-c39f-434f-bf3f-b159ef321909,RX,0,0.6080435715254959,0.5276154712349774,0.5393258426966292,test,4.0
RouteID_7f5d87f0-c39f-434f-bf3f-b159ef321909,SJ,1,0.5567613457810797,0.5381653807486468,0.5393258426966292,test,4.0
RouteID_7f5d87f0-c39f-434f-bf3f-b159ef321909,SM,1,0.5692408562207167,0.5518982964690357,0.5393258426966292,test,4.0
RouteID_7f5d87f0-c39f-434f-bf3f-b159ef321909,SP,1,0.5688341293362352,0.5456758911815653,0.5393258426966292,test,4.0
RouteID_7f5d87f0-c39f-434f-bf3f-b159ef321909,ST,1,0.5657871635012471,0.5240030450437424,0.5393258426966292,test,4.0
RouteID_7f5d87f0-c39f-434f-bf3f-b159ef321909,SV,0,0.5566597133754037,0.5135143730269646,0.5393258426966292,test,4.0
RouteID_7f5d87f0-c39f-434f-bf3f-b159ef321909,TB,0,0.5662103320595028,0.5137069391884069,0.5393258426966292,test,4.0
RouteID_7f5d87f0-c39f-434f-bf3f-b159ef321909,TD,0,0.566029868207887,0.5161386421419055,0.5393258426966292,test,4.0
RouteID_7f5d87f0-c39f-434f-bf3f-b159ef321909,TE,0,0.5563998630714538,0.5175040971855749,0.5393258426966292,test,4.0
RouteID_7f5d87f0-c39f-434f-bf3f-b159ef321909,TK,0,0.5637529356959574,0.5191269885099271,0.5393258426966292,test,4.0
RouteID_7f5d87f0-c39f-434f-bf3f-b159ef321909,TP,1,0.5566957827621872,0.5241997591087802,0.5393258426966292,test,4.0
RouteID_7f5d87f0-c39f-434f-bf3f-b159ef321909,TR,0,0.5646912157739966,0.5144758476852785,0.5393258426966292,test,4.0
RouteID_7f5d87f0-c39f-434f-bf3f-b159ef321909,UA,1,0.6182631045475384,0.5243820192302489,0.5393258426966292,test,4.0
RouteID_7f5d87f0-c39f-434f-bf3f-b159ef321909,UE,0,0.5661114171719764,0.5082279793506134,0.5393258426966292,test,4.0
RouteID_7f5d87f0-c39f-434f-bf3f-b159ef321909,UJ,1,0.5705600440637347,0.5465416303084162,0.5393258426966292,test,4.0
RouteID_7f5d87f0-c39f-434f-bf3f-b159ef321909,UM,1,0.5773527100809017,0.5294057693923025,0.5393258426966292,test,4.0
RouteID_7f5d87f0-c39f-434f-bf3f-b159ef321909,UN,0,0.5868808324466338,0.5285535292675699,0.5393258426966292,test,4.0
RouteID_7f5d87f0-c39f-434f-bf3f-b159ef321909,UT,0,0.5506606690974107,0.5259355487448775,0.5393258426966292,test,4.0
RouteID_7f5d87f0-c39f-434f-bf3f-b159ef321909,UX,0,0.10761978373994384,0.30483368429033214,0.5393258426966292,test,4.0
RouteID_7f5d87f0-c39f-434f-bf3f-b159ef321909,UY,1,0.566833045201778,0.520106152462256,0.5393258426966292,test,4.0
RouteID_7f5d87f0-c39f-434f-bf3f-b159ef321909,VD,1,0.542840430003477,0.5398470758174375,0.5393258426966292,test,4.0
RouteID_7f5d87f0-c39f-434f-bf3f-b159ef321909,VL,1,0.652772723146056,0.5196887312709592,0.5393258426966292,test,4.0
RouteID_7f5d87f0-c39f-434f-bf3f-b159ef321909,VW,1,0.5751936381452798,0.544886260450488,0.5393258426966292,test,4.0
RouteID_7f5d87f0-c39f-434f-bf3f-b159ef321909,VZ,0,0.5572835447540566,0.5167958709205561,0.5393258426966292,test,4.0
RouteID_7f5d87f0-c39f-434f-bf3f-b159ef321909,WA,0,0.5604825045214056,0.5036172982492131,0.5393258426966292,test,4.0
RouteID_7f5d87f0-c39f-434f-bf3f-b159ef321909,WC,1,0.547957539125343,0.5375876450352356,0.5393258426966292,test,4.0
RouteID_7f5d87f0-c39f-434f-bf3f-b159ef321909,WH,0,0.5757584032462243,0.5233188324759439,0.5393258426966292,test,4.0
RouteID_7f5d87f0-c39f-434f-bf3f-b159ef321909,WI,1,0.6085361583936809,0.5295103936267512,0.5393258426966292,test,4.0
RouteID_7f5d87f0-c39f-434f-bf3f-b159ef321909,WL,1,0.5628012451810145,0.5114869572689688,0.5393258426966292,test,4.0
RouteID_7f5d87f0-c39f-434f-bf3f-b159ef321909,WP,1,0.5679393163571066,0.52045157157416,0.5393258426966292,test,4.0
RouteID_7f5d87f0-c39f-434f-bf3f-b159ef321909,WQ,1,0.5506325144860649,0.5135914113420965,0.5393258426966292,test,4.0
RouteID_7f5d87f0-c39f-434f-bf3f-b159ef321909,WR,0,0.5546723198669243,0.5153866497498083,0.5393258426966292,test,4.0
RouteID_7f5d87f0-c39f-434f-bf3f-b159ef321909,WS,1,0.5751500716661102,0.5415301195927926,0.5393258426966292,test,4.0
RouteID_7f5d87f0-c39f-434f-bf3f-b159ef321909,WT,0,0.56867455794318,0.5207416486487625,0.5393258426966292,test,4.0
RouteID_7f5d87f0-c39f-434f-bf3f-b159ef321909,XD,0,0.5688614931982463,0.5341516326396357,0.5393258426966292,test,4.0
RouteID_7f5d87f0-c39f-434f-bf3f-b159ef321909,XG,1,0.5692715782604504,0.5460414210088963,0.5393258426966292,test,4.0
RouteID_7f5d87f0-c39f-434f-bf3f-b159ef321909,XP,1,0.5749530415620406,0.5387104195963418,0.5393258426966292,test,4.0
RouteID_7f5d87f0-c39f-434f-bf3f-b159ef321909,XQ,1,0.5490798821938225,0.5235927080611208,0.5393258426966292,test,4.0
RouteID_7f5d87f0-c39f-434f-bf3f-b159ef321909,XT,1,0.5590175237382669,0.5238850678976847,0.5393258426966292,test,4.0
RouteID_7f5d87f0-c39f-434f-bf3f-b159ef321909,XW,0,0.5675989441106027,0.5182739198776637,0.5393258426966292,test,4.0
RouteID_7f5d87f0-c39f-434f-bf3f-b159ef321909,YA,1,0.5514047066808186,0.527292420078133,0.5393258426966292,test,4.0
RouteID_7f5d87f0-c39f-434f-bf3f-b159ef321909,YH,1,0.5593982659515749,0.5192969537745901,0.5393258426966292,test,4.0
RouteID_7f5d87f0-c39f-434f-bf3f-b159ef321909,YK,1,0.5791180295703544,0.5497593971738362,0.5393258426966292,test,4.0
RouteID_7f5d87f0-c39f-434f-bf3f-b159ef321909,YL,0,0.5815957720947716,0.5338837413994483,0.5393258426966292,test,4.0
RouteID_7f5d87f0-c39f-434f-bf3f-b159ef321909,YM,0,0.5768856010348897,0.5234907116578866,0.5393258426966292,test,4.0
RouteID_7f5d87f0-c39f-434f-bf3f-b159ef321909,YT,1,0.5726663738092622,0.5532801649943704,0.5393258426966292,test,4.0
RouteID_7f5d87f0-c39f-434f-bf3f-b159ef321909,YU,1,0.5450576313060593,0.5136600205415048,0.5393258426966292,test,4.0
RouteID_7f5d87f0-c39f-434f-bf3f-b159ef321909,YV,0,0.5636150429148317,0.5198698471900672,0.5393258426966292,test,4.0
RouteID_7f5d87f0-c39f-434f-bf3f-b159ef321909,ZC,1,0.563984980436266,0.5162571355657546,0.5393258426966292,test,4.0
RouteID_7f5d87f0-c39f-434f-bf3f-b159ef321909,ZF,0,0.5693381162553552,0.5294056670134427,0.5393258426966292,test,4.0
RouteID_7f5d87f0-c39f-434f-bf3f-b159ef321909,ZJ,0,0.5793502543009191,0.5415301195927926,0.5393258426966292,test,4.0
RouteID_7f5d87f0-c39f-434f-bf3f-b159ef321909,ZO,1,0.5673615341444193,0.523373481281108,0.5393258426966292,test,4.0
RouteID_7f5d87f0-c39f-434f-bf3f-b159ef321909,ZP,1,0.5694538397552424,0.5414602827502597,0.5393258426966292,test,4.0
RouteID_7f5d87f0-c39f-434f-bf3f-b159ef321909,ZS,1,0.5480036226916092,0.5334221125138646,0.5393258426966292,test,4.0
RouteID_7f5d87f0-c39f-434f-bf3f-b159ef321909,ZU,0,0.0679308319230513,0.3139516949565895,0.5393258426966292,test,4.0
RouteID_9475872b-287f-4c2c-8e29-887766a4e090,AL,1,0.5636887047356041,0.5008435959254398,0.5393258426966292,test,4.0
RouteID_9475872b-287f-4c2c-8e29-887766a4e090,AM,0,0.5273204834004734,0.511113761365543,0.5393258426966292,test,4.0
RouteID_9475872b-287f-4c2c-8e29-887766a4e090,AQ,1,0.5608753495545504,0.499085445250679,0.5393258426966292,test,4.0
RouteID_9475872b-287f-4c2c-8e29-887766a4e090,AT,1,0.5625523485922327,0.5161933907068608,0.5393258426966292,test,4.0
RouteID_9475872b-287f-4c2c-8e29-887766a4e090,BA,1,0.5616361323085465,0.5033489051076808,0.5393258426966292,test,4.0
RouteID_9475872b-287f-4c2c-8e29-887766a4e090,BD,1,0.5678204637425545,0.5430304323196271,0.5393258426966292,test,4.0
RouteID_9475872b-287f-4c2c-8e29-887766a4e090,BE,0,0.57357834449961,0.539161736286464,0.5393258426966292,test,4.0
RouteID_9475872b-287f-4c2c-8e29-887766a4e090,BG,1,0.5629258624763336,0.5130751170004809,0.5393258426966292,test,4.0
RouteID_9475872b-287f-4c2c-8e29-887766a4e090,BK,1,0.5646290644807933,0.5268909561141466,0.5393258426966292,test,4.0
RouteID_9475872b-287f-4c2c-8e29-887766a4e090,BU,0,0.5649007134345925,0.5414961008904113,0.5393258426966292,test,4.0
RouteID_9475872b-287f-4c2c-8e29-887766a4e090,BW,1,0.5589622236329239,0.5008068340822693,0.5393258426966292,test,4.0
RouteID_9475872b-287f-4c2c-8e29-887766a4e090,BX,1,0.5670694433194532,0.5160563390914877,0.5393258426966292,test,4.0
RouteID_9475872b-287f-4c2c-8e29-887766a4e090,BZ,1,0.5638661238686026,0.5126294243846645,0.5393258426966292,test,4.0
RouteID_9475872b-287f-4c2c-8e29-887766a4e090,CB,0,0.5633280337555638,0.5083457206115011,0.5393258426966292,test,4.0
RouteID_9475872b-287f-4c2c-8e29-887766a4e090,CI,0,0.0782853592281176,0.3343575615799944,0.5393258426966292,test,4.0
RouteID_9475872b-287f-4c2c-8e29-887766a4e090,CJ,0,0.5670380437060383,0.5051045392400936,0.5393258426966292,test,4.0
RouteID_9475872b-287f-4c2c-8e29-887766a4e090,CL,1,0.5581925696885689,0.5022619879574665,0.5393258426966292,test,4.0
RouteID_9475872b-287f-4c2c-8e29-887766a4e090,CS,1,0.5628129541797328,0.5311042767914455,0.5393258426966292,test,4.0
RouteID_9475872b-287f-4c2c-8e29-887766a4e090,CU,0,0.5539917381582486,0.5131848916466275,0.5393258426966292,test,4.0
RouteID_9475872b-287f-4c2c-8e29-887766a4e090,CV,1,0.5689289412865377,0.5276603651300317,0.5393258426966292,test,4.0
RouteID_9475872b-287f-4c2c-8e29-887766a4e090,DA,0,0.5306289525398119,0.5129306251185661,0.5393258426966292,test,4.0
RouteID_9475872b-287f-4c2c-8e29-887766a4e090,DD,1,0.5617697032325117,0.5053760212360635,0.5393258426966292,test,4.0
RouteID_9475872b-287f-4c2c-8e29-887766a4e090,DI,1,0.5594008691751824,0.4972277020525134,0.5393258426966292,test,4.0
RouteID_9475872b-287f-4c2c-8e29-887766a4e090,DL,1,0.5661360018337912,0.5125549619048123,0.5393258426966292,test,4.0
RouteID_9475872b-287f-4c2c-8e29-887766a4e090,DT,0,0.5442462889142727,0.5322569614751804,0.5393258426966292,test,4.0
RouteID_9475872b-287f-4c2c-8e29-887766a4e090,ED,1,0.5541421295457982,0.5107793499543296,0.5393258426966292,test,4.0
RouteID_9475872b-287f-4c2c-8e29-887766a4e090,EF,0,0.5611201931677371,0.508822048054792,0.5393258426966292,test,4.0
RouteID_9475872b-287f-4c2c-8e29-887766a4e090,EK,1,0.5629996210845261,0.5093503807432608,0.5393258426966292,test,4.0
RouteID_9475872b-287f-4c2c-8e29-887766a4e090,ER,1,0.5501755352702554,0.5249437378714635,0.5393258426966292,test,4.0
RouteID_9475872b-287f-4c2c-8e29-887766a4e090,ES,0,0.02441560913160409,0.33006531316158966,0.5393258426966292,test,4.0
RouteID_9475872b-287f-4c2c-8e29-887766a4e090,EU,0,0.5421877190924733,0.5192955470656369,0.5393258426966292,test,4.0
RouteID_9475872b-287f-4c2c-8e29-887766a4e090,FC,0,0.5622850321646693,0.5140223920043812,0.5393258426966292,test,4.0
RouteID_9475872b-287f-4c2c-8e29-887766a4e090,FE,1,0.5467413069086574,0.5033193005152315,0.5393258426966292,test,4.0
RouteID_9475872b-287f-4c2c-8e29-887766a4e090,FM,0,0.5611011025457069,0.5157178763480345,0.5393258426966292,test,4.0
RouteID_9475872b-287f-4c2c-8e29-887766a4e090,FN,0,0.5633788654069549,0.5376555872673437,0.5393258426966292,test,4.0
RouteID_9475872b-287f-4c2c-8e29-887766a4e090,FX,0,0.5423879987953725,0.5078023125831579,0.5393258426966292,test,4.0
RouteID_9475872b-287f-4c2c-8e29-887766a4e090,GA,1,0.5676155878538816,0.5196692751622884,0.5393258426966292,test,4.0
RouteID_9475872b-287f-4c2c-8e29-887766a4e090,GG,0,0.556137152383966,0.511972942887794,0.5393258426966292,test,4.0
RouteID_9475872b-287f-4c2c-8e29-887766a4e090,GI,1,0.5603898171628142,0.49958561374027377,0.5393258426966292,test,4.0
RouteID_9475872b-287f-4c2c-8e29-887766a4e090,GN,0,0.5599212468728296,0.5125444551142802,0.5393258426966292,test,4.0
RouteID_9475872b-287f-4c2c-8e29-887766a4e090,GP,1,0.567400178978755,0.5203888031367736,0.5393258426966292,test,4.0
RouteID_9475872b-287f-4c2c-8e29-887766a4e090,GQ,0,0.5621954861201935,0.507252661849576,0.5393258426966292,test,4.0
RouteID_9475872b-287f-4c2c-8e29-887766a4e090,GT,0,0.5693000856412341,0.5328508349483794,0.5393258426966292,test,4.0
RouteID_9475872b-287f-4c2c-8e29-887766a4e090,GV,1,0.5622713580660665,0.5067396607615499,0.5393258426966292,test,4.0
RouteID_9475872b-287f-4c2c-8e29-887766a4e090,GW,0,0.5675262568114391,0.5286333949968232,0.5393258426966292,test,4.0
RouteID_9475872b-287f-4c2c-8e29-887766a4e090,HE,0,0.5633683555146541,0.5130861857795818,0.5393258426966292,test,4.0
RouteID_9475872b-287f-4c2c-8e29-887766a4e090,HF,0,0.5747241875721576,0.5040856416643531,0.5393258426966292,test,4.0
RouteID_9475872b-287f-4c2c-8e29-887766a4e090,HG,0,0.5616134468516784,0.5071799931362875,0.5393258426966292,test,4.0
RouteID_9475872b-287f-4c2c-8e29-887766a4e090,HP,0,0.5989371202383377,0.5248575348615301,0.5393258426966292,test,4.0
RouteID_9475872b-287f-4c2c-8e29-887766a4e090,HT,1,0.5664060227473924,0.5238764989489644,0.5393258426966292,test,4.0
RouteID_9475872b-287f-4c2c-8e29-887766a4e090,HX,0,0.5553654289543536,0.5092812838378088,0.5393258426966292,test,4.0
RouteID_9475872b-287f-4c2c-8e29-887766a4e090,IB,0,0.5641389561891735,0.49271249871506356,0.5393258426966292,test,4.0
RouteID_9475872b-287f-4c2c-8e29-887766a4e090,IC,1,0.5540530665825897,0.507364665043024,0.5393258426966292,test,4.0
RouteID_9475872b-287f-4c2c-8e29-887766a4e090,IE,0,0.5526601520367904,0.5026501564869195,0.5393258426966292,test,4.0
RouteID_9475872b-287f-4c2c-8e29-887766a4e090,II,0,0.5315970179733451,0.5212418394576995,0.5393258426966292,test,4.0
RouteID_9475872b-287f-4c2c-8e29-887766a4e090,IO,0,0.5647108249172559,0.5390913566899852,0.5393258426966292,test,4.0
RouteID_9475872b-287f-4c2c-8e29-887766a4e090,IT,1,0.5464523174540591,0.4992274749984581,0.5393258426966292,test,4.0
RouteID_9475872b-287f-4c2c-8e29-887766a4e090,IU,1,0.5246545207451657,0.5015079077662897,0.5393258426966292,test,4.0
RouteID_9475872b-287f-4c2c-8e29-887766a4e090,IW,1,0.562204988113718,0.5123916069659634,0.5393258426966292,test,4.0
RouteID_9475872b-287f-4c2c-8e29-887766a4e090,IY,1,0.5695549231610544,0.5274225846751345,0.5393258426966292,test,4.0
RouteID_9475872b-287f-4c2c-8e29-887766a4e090,IZ,0,0.5571900917434517,0.5326270375392702,0.5393258426966292,test,4.0
RouteID_9475872b-287f-4c2c-8e29-887766a4e090,JA,0,0.5507839123969541,0.505701734321152,0.5393258426966292,test,4.0
RouteID_9475872b-287f-4c2c-8e29-887766a4e090,JC,1,0.5546924799663128,0.5209531606064864,0.5393258426966292,test,4.0
RouteID_9475872b-287f-4c2c-8e29-887766a4e090,JE,0,0.5358237056229177,0.5273221354361504,0.5393258426966292,test,4.0
RouteID_9475872b-287f-4c2c-8e29-887766a4e090,JN,1,0.5693195860471509,0.5389977648964495,0.5393258426966292,test,4.0
RouteID_9475872b-287f-4c2c-8e29-887766a4e090,JO,1,0.556677704174838,0.4977008005663858,0.5393258426966292,test,4.0
RouteID_9475872b-287f-4c2c-8e29-887766a4e090,JU,1,0.5723511603121497,0.532450349605488,0.5393258426966292,test,4.0
RouteID_9475872b-287f-4c2c-8e29-887766a4e090,JW,0,0.5883231591265973,0.5127176323299596,0.5393258426966292,test,4.0
RouteID_9475872b-287f-4c2c-8e29-887766a4e090,KB,0,0.08215607298435387,0.35248708569953613,0.5393258426966292,test,4.0
RouteID_9475872b-287f-4c2c-8e29-887766a4e090,KC,0,0.5504219213281977,0.5111158117205598,0.5393258426966292,test,4.0
RouteID_9475872b-287f-4c2c-8e29-887766a4e090,KE,0,0.5550428251088257,0.49296001015443897,0.5393258426966292,test,4.0
RouteID_9475872b-287f-4c2c-8e29-887766a4e090,KF,1,0.569313010510689,0.5096979271879403,0.5393258426966292,test,4.0
RouteID_9475872b-287f-4c2c-8e29-887766a4e090,KJ,1,0.5684995458017965,0.5059775626229134,0.5393258426966292,test,4.0
RouteID_9475872b-287f-4c2c-8e29-887766a4e090,KK,1,0.5644434391441068,0.5006581431868177,0.5393258426966292,test,4.0
RouteID_9475872b-287f-4c2c-8e29-887766a4e090,KO,1,0.5694217184165203,0.5066389069843443,0.5393258426966292,test,4.0
RouteID_9475872b-287f-4c2c-8e29-887766a4e090,KR,0,0.5649750015387548,0.517206669515661,0.5393258426966292,test,4.0
RouteID_9475872b-287f-4c2c-8e29-887766a4e090,KW,1,0.5581103638543993,0.5006712897776575,0.5393258426966292,test,4.0
RouteID_9475872b-287f-4c2c-8e29-887766a4e090,KY,1,0.5539866199756283,0.5084993370594718,0.5393258426966292,test,4.0
RouteID_9475872b-287f-4c2c-8e29-887766a4e090,LA,1,0.5655827880780366,0.49784758912575516,0.5393258426966292,test,4.0
RouteID_9475872b-287f-4c2c-8e29-887766a4e090,LJ,1,0.5618215113252483,0.5124871073683809,0.5393258426966292,test,4.0
RouteID_9475872b-287f-4c2c-8e29-887766a4e090,LM,1,0.5698074990059088,0.5461039001862408,0.5393258426966292,test,4.0
RouteID_9475872b-287f-4c2c-8e29-887766a4e090,LO,0,0.5502843424488455,0.4967567414243208,0.5393258426966292,test,4.0
RouteID_9475872b-287f-4c2c-8e29-887766a4e090,LR,0,0.5505710837610452,0.5189524538756193,0.5393258426966292,test,4.0
RouteID_9475872b-287f-4c2c-8e29-887766a4e090,LU,1,0.5702768494129078,0.5343182465222944,0.5393258426966292,test,4.0
RouteID_9475872b-287f-4c2c-8e29-887766a4e090,LW,1,0.5601619534251359,0.5161512283277016,0.5393258426966292,test,4.0
RouteID_9475872b-287f-4c2c-8e29-887766a4e090,MA,1,0.5761720747041278,0.5207730596442671,0.5393258426966292,test,4.0
RouteID_9475872b-287f-4c2c-8e29-887766a4e090,MC,0,0.5622743373216045,0.5103822536986902,0.5393258426966292,test,4.0
RouteID_9475872b-287f-4c2c-8e29-887766a4e090,ME,0,0.5484246546084123,0.5222041852345367,0.5393258426966292,test,4.0
RouteID_9475872b-287f-4c2c-8e29-887766a4e090,MG,1,0.5721632562919734,0.5338346781827469,0.5393258426966292,test,4.0
RouteID_9475872b-287f-4c2c-8e29-887766a4e090,MI,1,0.563255493195344,0.512860029863196,0.5393258426966292,test,4.0
RouteID_9475872b-287f-4c2c-8e29-887766a4e090,ML,1,0.5694131965299407,0.5410494739798284,0.5393258426966292,test,4.0
RouteID_9475872b-287f-4c2c-8e29-887766a4e090,MO,1,0.5684136142964848,0.5288427069822408,0.5393258426966292,test,4.0
RouteID_9475872b-287f-4c2c-8e29-887766a4e090,MV,1,0.5610150724950563,0.5140047573732696,0.5393258426966292,test,4.0
RouteID_9475872b-287f-4c2c-8e29-887766a4e090,MW,1,0.5691956059266402,0.5220233408178416,0.5393258426966292,test,4.0
RouteID_9475872b-287f-4c2c-8e29-887766a4e090,MY,1,0.5918770687335175,0.512550434496447,0.5393258426966292,test,4.0
RouteID_9475872b-287f-4c2c-8e29-887766a4e090,NF,1,0.5706889625867945,0.513598166236419,0.5393258426966292,test,4.0
RouteID_9475872b-287f-4c2c-8e29-887766a4e090,NI,1,0.5663131167506378,0.5213934696112612,0.5393258426966292,test,4.0
RouteID_9475872b-287f-4c2c-8e29-887766a4e090,NP,0,0.5310495782072696,0.5169912827556238,0.5393258426966292,test,4.0
RouteID_9475872b-287f-4c2c-8e29-887766a4e090,NQ,1,0.5646783240815777,0.5339183449300386,0.5393258426966292,test,4.0
RouteID_9475872b-287f-4c2c-8e29-887766a4e090,NT,1,0.5499978353984717,0.5023572738181935,0.5393258426966292,test,4.0
RouteID_9475872b-287f-4c2c-8e29-887766a4e090,NV,1,0.5575494762299679,0.5298348024675346,0.5393258426966292,test,4.0
RouteID_9475872b-287f-4c2c-8e29-887766a4e090,NZ,1,0.5745529672941874,0.5387503153965196,0.5393258426966292,test,4.0
RouteID_9475872b-287f-4c2c-8e29-887766a4e090,OC,1,0.5684084894515068,0.5284144541663578,0.5393258426966292,test,4.0
RouteID_9475872b-287f-4c2c-8e29-887766a4e090,OD,1,0.5627997366465182,0.5318280836121724,0.5393258426966292,test,4.0
RouteID_9475872b-287f-4c2c-8e29-887766a4e090,OH,1,0.5828689353700226,0.5352768695127101,0.5393258426966292,test,4.0
RouteID_9475872b-287f-4c2c-8e29-887766a4e090,OL,1,0.5651468709711392,0.5195823558847162,0.5393258426966292,test,4.0
RouteID_9475872b-287f-4c2c-8e29-887766a4e090,OP,0,0.5431200761246305,0.5067570805642693,0.5393258426966292,test,4.0
RouteID_9475872b-287f-4c2c-8e29-887766a4e090,OQ,1,0.5645842834593059,0.5268909561141466,0.5393258426966292,test,4.0
RouteID_9475872b-287f-4c2c-8e29-887766a4e090,OT,0,0.5533830759978191,0.5157050468737537,0.5393258426966292,test,4.0
RouteID_9475872b-287f-4c2c-8e29-887766a4e090,OV,1,0.5661843027219824,0.5147101227829638,0.5393258426966292,test,4.0
RouteID_9475872b-287f-4c2c-8e29-887766a4e090,OY,0,0.5202796795002612,0.5171302481541974,0.5393258426966292,test,4.0
RouteID_9475872b-287f-4c2c-8e29-887766a4e090,OZ,0,0.554277471900595,0.5044340247981752,0.5393258426966292,test,4.0
RouteID_9475872b-287f-4c2c-8e29-887766a4e090,PA,0,0.021037905561904525,0.36563237984036007,0.5393258426966292,test,4.0
RouteID_9475872b-287f-4c2c-8e29-887766a4e090,PJ,0,0.5711642348297584,0.5138258832935442,0.5393258426966292,test,4.0
RouteID_9475872b-287f-4c2c-8e29-887766a4e090,PR,1,0.5631831213658416,0.5042114680394235,0.5393258426966292,test,4.0
RouteID_9475872b-287f-4c2c-8e29-887766a4e090,PS,1,0.5525193766162056,0.5027392204529112,0.5393258426966292,test,4.0
RouteID_9475872b-287f-4c2c-8e29-887766a4e090,PU,1,0.5783179986609351,0.5397468550367391,0.5393258426966292,test,4.0
RouteID_9475872b-287f-4c2c-8e29-887766a4e090,PX,0,0.562270256140518,0.5015434179254964,0.5393258426966292,test,4.0
RouteID_9475872b-287f-4c2c-8e29-887766a4e090,PZ,1,0.5782348110474044,0.5334671228297169,0.5393258426966292,test,4.0
RouteID_9475872b-287f-4c2c-8e29-887766a4e090,QC,0,0.5873900954698342,0.5247382051378193,0.5393258426966292,test,4.0
RouteID_9475872b-287f-4c2c-8e29-887766a4e090,QI,1,0.5672247029293566,0.5014023399018941,0.5393258426966292,test,4.0
RouteID_9475872b-287f-4c2c-8e29-887766a4e090,QL,1,0.5530745492215545,0.5101159474823143,0.5393258426966292,test,4.0
RouteID_9475872b-287f-4c2c-8e29-887766a4e090,QR,0,0.5680420497549615,0.5430639842363746,0.5393258426966292,test,4.0
RouteID_9475872b-287f-4c2c-8e29-887766a4e090,QV,1,0.5568972101266324,0.5257365934038685,0.5393258426966292,test,4.0
RouteID_9475872b-287f-4c2c-8e29-887766a4e090,QX,1,0.555965297549023,0.5054872712549239,0.5393258426966292,test,4.0
RouteID_9475872b-287f-4c2c-8e29-887766a4e090,RA,1,0.5592480068041932,0.5065741992340744,0.5393258426966292,test,4.0
RouteID_9475872b-287f-4c2c-8e29-887766a4e090,RB,0,0.5655745282423863,0.5416677700032709,0.5393258426966292,test,4.0
RouteID_9475872b-287f-4c2c-8e29-887766a4e090,RD,1,0.5570139703362759,0.5000937334559914,0.5393258426966292,test,4.0
RouteID_9475872b-287f-4c2c-8e29-887766a4e090,RE,1,0.5673415689509418,0.4957944121782176,0.5393258426966292,test,4.0
RouteID_9475872b-287f-4c2c-8e29-887766a4e090,RM,0,0.5808633337517054,0.5020030309233061,0.5393258426966292,test,4.0
RouteID_9475872b-287f-4c2c-8e29-887766a4e090,RR,1,0.5662556973099542,0.5298187919421327,0.5393258426966292,test,4.0
RouteID_9475872b-287f-4c2c-8e29-887766a4e090,RT,1,0.5662178826229116,0.5390913566899852,0.5393258426966292,test,4.0
RouteID_9475872b-287f-4c2c-8e29-887766a4e090,RU,1,0.56267201650254,0.5081092004076354,0.5393258426966292,test,4.0
RouteID_9475872b-287f-4c2c-8e29-887766a4e090,SA,1,0.5729537168234686,0.5141745349457939,0.5393258426966292,test,4.0
RouteID_9475872b-287f-4c2c-8e29-887766a4e090,SB,0,0.5408069140023789,0.5226706386685517,0.5393258426966292,test,4.0
RouteID_9475872b-287f-4c2c-8e29-887766a4e090,SD,1,0.5672018202753962,0.5414961008904113,0.5393258426966292,test,4.0
RouteID_9475872b-287f-4c2c-8e29-887766a4e090,SE,0,0.5618676856005254,0.5054612420527861,0.5393258426966292,test,4.0
RouteID_9475872b-287f-4c2c-8e29-887766a4e090,SK,0,0.5514241720576544,0.5187153516574845,0.5393258426966292,test,4.0
RouteID_9475872b-287f-4c2c-8e29-887766a4e090,ST,0,0.5502048398554985,0.5224305011399492,0.5393258426966292,test,4.0
RouteID_9475872b-287f-4c2c-8e29-887766a4e090,SU,0,0.554555070734025,0.4964651123766655,0.5393258426966292,test,4.0
RouteID_9475872b-287f-4c2c-8e29-887766a4e090,SX,0,0.5568132699181573,0.49864491997300614,0.5393258426966292,test,4.0
RouteID_9475872b-287f-4c2c-8e29-887766a4e090,TB,0,0.5676356178990919,0.5299724805195049,0.5393258426966292,test,4.0
RouteID_9475872b-287f-4c2c-8e29-887766a4e090,TD,1,0.5641493278659317,0.5373395156300637,0.5393258426966292,test,4.0
RouteID_9475872b-287f-4c2c-8e29-887766a4e090,TF,1,0.5644176142699159,0.5172106759665975,0.5393258426966292,test,4.0
RouteID_9475872b-287f-4c2c-8e29-887766a4e090,TM,0,0.5674651189756297,0.4963953975756251,0.5393258426966292,test,4.0
RouteID_9475872b-287f-4c2c-8e29-887766a4e090,TN,0,0.5647011897636373,0.5130341619355512,0.5393258426966292,test,4.0
RouteID_9475872b-287f-4c2c-8e29-887766a4e090,TQ,1,0.573078305872564,0.5328508349483794,0.5393258426966292,test,4.0
RouteID_9475872b-287f-4c2c-8e29-887766a4e090,TR,1,0.5693621954077418,0.5081712650129686,0.5393258426966292,test,4.0
RouteID_9475872b-287f-4c2c-8e29-887766a4e090,TW,1,0.5633570464446065,0.5124488540477563,0.5393258426966292,test,4.0
RouteID_9475872b-287f-4c2c-8e29-887766a4e090,UC,1,0.5710105289383415,0.522006479253884,0.5393258426966292,test,4.0
RouteID_9475872b-287f-4c2c-8e29-887766a4e090,UD,0,0.5617888811814992,0.5156687810701966,0.5393258426966292,test,4.0
RouteID_9475872b-287f-4c2c-8e29-887766a4e090,UF,0,0.5651455966494416,0.5353048600501642,0.5393258426966292,test,4.0
RouteID_9475872b-287f-4c2c-8e29-887766a4e090,UI,1,0.5993938823696486,0.5055801414137089,0.5393258426966292,test,4.0
RouteID_9475872b-287f-4c2c-8e29-887766a4e090,UO,1,0.5525372931505086,0.5027680590250374,0.5393258426966292,test,4.0
RouteID_9475872b-287f-4c2c-8e29-887766a4e090,UP,1,0.5544016482696168,0.5324897459962765,0.5393258426966292,test,4.0
RouteID_9475872b-287f-4c2c-8e29-887766a4e090,US,1,0.5577445441382701,0.5346774671130304,0.5393258426966292,test,4.0
RouteID_9475872b-287f-4c2c-8e29-887766a4e090,UU,1,0.5730111230154868,0.5108607625536441,0.5393258426966292,test,4.0
RouteID_9475872b-287f-4c2c-8e29-887766a4e090,UX,0,0.5623849504391101,0.5128080706594981,0.5393258426966292,test,4.0
RouteID_9475872b-287f-4c2c-8e29-887766a4e090,VA,1,0.5681223364549778,0.5103732292354194,0.5393258426966292,test,4.0
RouteID_9475872b-287f-4c2c-8e29-887766a4e090,VJ,0,0.5593390171973103,0.4963114854891302,0.5393258426966292,test,4.0
RouteID_9475872b-287f-4c2c-8e29-887766a4e090,VL,0,0.5480690670457703,0.5087533354839858,0.5393258426966292,test,4.0
RouteID_9475872b-287f-4c2c-8e29-887766a4e090,VQ,1,0.5682695850592766,0.53962642762229,0.5393258426966292,test,4.0
RouteID_9475872b-287f-4c2c-8e29-887766a4e090,VS,0,0.5501037407682707,0.5081220390656765,0.5393258426966292,test,4.0
RouteID_9475872b-287f-4c2c-8e29-887766a4e090,VV,0,0.5485684129529544,0.5048973776662347,0.5393258426966292,test,4.0
RouteID_9475872b-287f-4c2c-8e29-887766a4e090,VX,0,0.5620971465990059,0.5172846798248155,0.5393258426966292,test,4.0
RouteID_9475872b-287f-4c2c-8e29-887766a4e090,VY,0,0.5592880749118339,0.5062189246363387,0.5393258426966292,test,4.0
RouteID_9475872b-287f-4c2c-8e29-887766a4e090,WA,1,0.5637940545828503,0.5450374407501654,0.5393258426966292,test,4.0
RouteID_9475872b-287f-4c2c-8e29-887766a4e090,WM,1,0.5865666738105163,0.5361789667218653,0.5393258426966292,test,4.0
RouteID_9475872b-287f-4c2c-8e29-887766a4e090,WN,0,0.5705894527761487,0.5395287850769476,0.5393258426966292,test,4.0
RouteID_9475872b-287f-4c2c-8e29-887766a4e090,WU,1,0.5644325290147596,0.5114834852614919,0.5393258426966292,test,4.0
RouteID_9475872b-287f-4c2c-8e29-887766a4e090,WV,1,0.546386343121912,0.5016262689882688,0.5393258426966292,test,4.0
RouteID_9475872b-287f-4c2c-8e29-887766a4e090,WZ,1,0.5649021026480266,0.514130976155038,0.5393258426966292,test,4.0
RouteID_9475872b-287f-4c2c-8e29-887766a4e090,XD,0,0.5547577556967118,0.5063208981355338,0.5393258426966292,test,4.0
RouteID_9475872b-287f-4c2c-8e29-887766a4e090,XT,0,0.5607720119886199,0.5141343187401322,0.5393258426966292,test,4.0
RouteID_9475872b-287f-4c2c-8e29-887766a4e090,XX,0,0.02461450109406745,0.33834407016547685,0.5393258426966292,test,4.0
RouteID_9475872b-287f-4c2c-8e29-887766a4e090,YC,0,0.5457270407342351,0.5184038932292897,0.5393258426966292,test,4.0
RouteID_9475872b-287f-4c2c-8e29-887766a4e090,YG,1,0.5662841917235445,0.5087293175544657,0.5393258426966292,test,4.0
RouteID_9475872b-287f-4c2c-8e29-887766a4e090,YI,0,0.5631831707017417,0.5072710416037188,0.5393258426966292,test,4.0
RouteID_9475872b-287f-4c2c-8e29-887766a4e090,YJ,1,0.5480097452966923,0.5072951869936857,0.5393258426966292,test,4.0
RouteID_9475872b-287f-4c2c-8e29-887766a4e090,YM,1,0.555324563321816,0.5275161191061518,0.5393258426966292,test,4.0
RouteID_9475872b-287f-4c2c-8e29-887766a4e090,YN,0,0.5514979936825075,0.5068931626211111,0.5393258426966292,test,4.0
RouteID_9475872b-287f-4c2c-8e29-887766a4e090,YQ,0,0.5657321493200628,0.5409630053738237,0.5393258426966292,test,4.0
RouteID_9475872b-287f-4c2c-8e29-887766a4e090,YV,1,0.5644653379293483,0.502219032802789,0.5393258426966292,test,4.0
RouteID_9475872b-287f-4c2c-8e29-887766a4e090,ZL,1,0.56195203135508,0.49126459717367166,0.5393258426966292,test,4.0
RouteID_9475872b-287f-4c2c-8e29-887766a4e090,ZR,1,0.5623350700942612,0.512550759151325,0.5393258426966292,test,4.0
RouteID_9475872b-287f-4c2c-8e29-887766a4e090,ZW,1,0.5316228539950651,0.4998513081534615,0.5393258426966292,test,4.0
