threshold_H,route_id,policy,delta,budget,base_tt,base_nl,delta_tt,delta_nl,tt_red_pct,dist_inc_pct,accepted_moves
3.0,RouteID_693060a6-88bb-4324-9e9c-925d5240263c,RA,0.02,0.1,13084.141666666666,97,806.7400000000016,1,6.165784661711996,1.9203685837462352,13
3.0,RouteID_693060a6-88bb-4324-9e9c-925d5240263c,AB,0.02,0.1,13084.141666666666,97,994.1999999999953,-1,7.598511429548584,1.8635681182781145,11
3.0,RouteID_693060a6-88bb-4324-9e9c-925d5240263c,RB,0.02,0.1,13084.141666666666,97,88.77000000000226,1,0.6784548980095032,1.9785152280081018,5
3.0,RouteID_693060a6-88bb-4324-9e9c-925d5240263c,Slack,0.02,0.1,13084.141666666666,97,221.21666666666715,0,1.6907235667605287,1.913200095912901,9
3.0,RouteID_693060a6-88bb-4324-9e9c-925d5240263c,Deadline,0.02,0.1,13084.141666666666,97,56.14833333333445,1,0.42913272237321226,1.9964478500661318,3
3.0,RouteID_693060a6-88bb-4324-9e9c-925d5240263c,Random,0.02,0.1,13084.141666666666,97,259.06166666667013,0,1.979966842812923,1.840131706510674,3
3.0,RouteID_693060a6-88bb-4324-9e9c-925d5240263c,RA,0.02,0.2,13084.141666666666,97,923.7533333333304,1,7.060098834657963,1.9434258392441826,18
3.0,RouteID_693060a6-88bb-4324-9e9c-925d5240263c,AB,0.02,0.2,13084.141666666666,97,1127.0083333333387,0,8.613544258730553,1.9888785234943422,16
3.0,RouteID_693060a6-88bb-4324-9e9c-925d5240263c,RB,0.02,0.2,13084.141666666666,97,113.3899999999976,1,0.8666216163714543,1.496421190085057,6
3.0,RouteID_693060a6-88bb-4324-9e9c-925d5240263c,Slack,0.02,0.2,13084.141666666666,97,381.6083333333281,0,2.91657139654425,1.9648942897660737,11
3.0,RouteID_693060a6-88bb-4324-9e9c-925d5240263c,Deadline,0.02,0.2,13084.141666666666,97,56.14833333333445,1,0.42913272237321226,1.9964478500661318,3
3.0,RouteID_693060a6-88bb-4324-9e9c-925d5240263c,Random,0.02,0.2,13084.141666666666,97,594.2500000000036,-1,4.541757611153988,1.1014796419247785,5
3.0,RouteID_693060a6-88bb-4324-9e9c-925d5240263c,RA,0.05,0.1,13084.141666666666,97,1138.1349999999966,1,8.698583590695327,3.911120202202655,15
3.0,RouteID_693060a6-88bb-4324-9e9c-925d5240263c,AB,0.05,0.1,13084.141666666666,97,1080.2733333333272,-1,8.25635613595843,4.965932311605615,12
3.0,RouteID_693060a6-88bb-4324-9e9c-925d5240263c,RB,0.05,0.1,13084.141666666666,97,88.77000000000226,1,0.6784548980095032,1.9785152280081018,5
3.0,RouteID_693060a6-88bb-4324-9e9c-925d5240263c,Slack,0.05,0.1,13084.141666666666,97,581.7983333333341,0,4.446591516320335,0.5778135005153394,12
3.0,RouteID_693060a6-88bb-4324-9e9c-925d5240263c,Deadline,0.05,0.1,13084.141666666666,97,56.405000000000655,1,0.43109438461445876,2.210562564319162,4
3.0,RouteID_693060a6-88bb-4324-9e9c-925d5240263c,Random,0.05,0.1,13084.141666666666,97,259.06166666667013,0,1.979966842812923,1.840131706510674,3
3.0,RouteID_693060a6-88bb-4324-9e9c-925d5240263c,RA,0.05,0.2,13084.141666666666,97,1417.2999999999993,2,10.832196991650829,4.955747982542388,23
3.0,RouteID_693060a6-88bb-4324-9e9c-925d5240263c,AB,0.05,0.2,13084.141666666666,97,1226.2283333333344,-1,9.371866833705186,4.989234903501246,18
3.0,RouteID_693060a6-88bb-4324-9e9c-925d5240263c,RB,0.05,0.2,13084.141666666666,97,145.25166666666337,1,1.1101352336829893,2.279519595605074,8
3.0,RouteID_693060a6-88bb-4324-9e9c-925d5240263c,Slack,0.05,0.2,13084.141666666666,97,1227.0933333333323,1,9.378477890219514,3.953675289204703,25
3.0,RouteID_693060a6-88bb-4324-9e9c-925d5240263c,Deadline,0.05,0.2,13084.141666666666,97,273.8066666666655,2,2.092660517152753,4.157402968416844,9
3.0,RouteID_693060a6-88bb-4324-9e9c-925d5240263c,Random,0.05,0.2,13084.141666666666,97,625.5033333333267,-1,4.780621834192359,2.704170370446604,9
3.0,RouteID_7f5d87f0-c39f-434f-bf3f-b159ef321909,RA,0.02,0.1,20281.168333333346,121,1832.4150000000154,4,9.035056412348439,1.1396785247952497,16
3.0,RouteID_7f5d87f0-c39f-434f-bf3f-b159ef321909,AB,0.02,0.1,20281.168333333346,121,2049.9616666666807,3,10.107709935514134,-1.7975993911191344,16
3.0,RouteID_7f5d87f0-c39f-434f-bf3f-b159ef321909,RB,0.02,0.1,20281.168333333346,121,72.76833333334434,0,0.35879754133170483,1.1604137689982597,2
3.0,RouteID_7f5d87f0-c39f-434f-bf3f-b159ef321909,Slack,0.02,0.1,20281.168333333346,121,70.31666666667297,-1,0.34670915161777544,0.024235226141486793,7
3.0,RouteID_7f5d87f0-c39f-434f-bf3f-b159ef321909,Deadline,0.02,0.1,20281.168333333346,121,445.50500000001193,0,2.196643668046466,1.5324818196538292,4
3.0,RouteID_7f5d87f0-c39f-434f-bf3f-b159ef321909,Random,0.02,0.1,20281.168333333346,121,306.9416666666875,1,1.5134318774042719,0.9479963190596281,4
3.0,RouteID_7f5d87f0-c39f-434f-bf3f-b159ef321909,RA,0.02,0.2,20281.168333333346,121,2220.5700000000143,2,10.948925444055266,1.4256836968031308,27
3.0,RouteID_7f5d87f0-c39f-434f-bf3f-b159ef321909,AB,0.02,0.2,20281.168333333346,121,2334.7850000000144,3,11.512083335764498,1.450297299586593,31
3.0,RouteID_7f5d87f0-c39f-434f-bf3f-b159ef321909,RB,0.02,0.2,20281.168333333346,121,691.5250000000087,1,3.409690155095478,1.9642905496573204,10
3.0,RouteID_7f5d87f0-c39f-434f-bf3f-b159ef321909,Slack,0.02,0.2,20281.168333333346,121,741.3033333333369,-1,3.655131307770664,-0.002770653187296455,15
3.0,RouteID_7f5d87f0-c39f-434f-bf3f-b159ef321909,Deadline,0.02,0.2,20281.168333333346,121,506.03500000000713,1,2.495097874456806,1.9713759527104766,7
3.0,RouteID_7f5d87f0-c39f-434f-bf3f-b159ef321909,Random,0.02,0.2,20281.168333333346,121,431.6333333333532,1,2.1282468851852943,1.5351370391488235,7
3.0,RouteID_7f5d87f0-c39f-434f-bf3f-b159ef321909,RA,0.05,0.1,20281.168333333346,121,1832.4150000000154,4,9.035056412348439,1.1396785247952497,16
3.0,RouteID_7f5d87f0-c39f-434f-bf3f-b159ef321909,AB,0.05,0.1,20281.168333333346,121,2049.9616666666807,3,10.107709935514134,-1.7975993911191344,16
3.0,RouteID_7f5d87f0-c39f-434f-bf3f-b159ef321909,RB,0.05,0.1,20281.168333333346,121,72.76833333334434,0,0.35879754133170483,1.1604137689982597,2
3.0,RouteID_7f5d87f0-c39f-434f-bf3f-b159ef321909,Slack,0.05,0.1,20281.168333333346,121,70.31666666667297,-1,0.34670915161777544,0.024235226141486793,7
3.0,RouteID_7f5d87f0-c39f-434f-bf3f-b159ef321909,Deadline,0.05,0.1,20281.168333333346,121,463.72666666668374,1,2.286488919400765,2.2107007615505876,5
3.0,RouteID_7f5d87f0-c39f-434f-bf3f-b159ef321909,Random,0.05,0.1,20281.168333333346,121,306.9416666666875,1,1.5134318774042719,0.9479963190596281,4
3.0,RouteID_7f5d87f0-c39f-434f-bf3f-b159ef321909,RA,0.05,0.2,20281.168333333346,121,2419.358333333348,3,11.92908758297215,4.4673424749647515,33
3.0,RouteID_7f5d87f0-c39f-434f-bf3f-b159ef321909,AB,0.05,0.2,20281.168333333346,121,2375.5833333333467,3,11.713246960378163,3.703641781668236,33
3.0,RouteID_7f5d87f0-c39f-434f-bf3f-b159ef321909,RB,0.05,0.2,20281.168333333346,121,1093.8950000000114,3,5.393648837291725,3.9041735572212266,13
3.0,RouteID_7f5d87f0-c39f-434f-bf3f-b159ef321909,Slack,0.05,0.2,20281.168333333346,121,741.3033333333369,-1,3.655131307770664,-0.002770653187296455,15
3.0,RouteID_7f5d87f0-c39f-434f-bf3f-b159ef321909,Deadline,0.05,0.2,20281.168333333346,121,828.088333333344,1,4.083040580913329,4.974058142235129,12
3.0,RouteID_7f5d87f0-c39f-434f-bf3f-b159ef321909,Random,0.05,0.2,20281.168333333346,121,431.6333333333532,1,2.1282468851852943,1.5351370391488235,7
3.0,RouteID_9475872b-287f-4c2c-8e29-887766a4e090,RA,0.02,0.1,20048.57,119,2064.0399999999936,2,10.295198111386467,1.3063641958824272,13
3.0,RouteID_9475872b-287f-4c2c-8e29-887766a4e090,AB,0.02,0.1,20048.57,119,1489.6066666666775,2,7.429989603581092,1.4090907471240204,9
3.0,RouteID_9475872b-287f-4c2c-8e29-887766a4e090,RB,0.02,0.1,20048.57,119,557.9033333333355,0,2.782758737073694,1.7789293875138168,8
3.0,RouteID_9475872b-287f-4c2c-8e29-887766a4e090,Slack,0.02,0.1,20048.57,119,79.93166666667094,0,0.39869011439055724,1.89684688375859,8
3.0,RouteID_9475872b-287f-4c2c-8e29-887766a4e090,Deadline,0.02,0.1,20048.57,119,171.0450000000019,0,0.8531531176537873,1.4943869359884687,7
3.0,RouteID_9475872b-287f-4c2c-8e29-887766a4e090,Random,0.02,0.1,20048.57,119,110.30000000000655,0,0.5501639269035474,1.9985997607151493,6
3.0,RouteID_9475872b-287f-4c2c-8e29-887766a4e090,RA,0.02,0.2,20048.57,119,2415.108333333337,3,12.046287258060486,1.9576547093288206,20
3.0,RouteID_9475872b-287f-4c2c-8e29-887766a4e090,AB,0.02,0.2,20048.57,119,1877.6683333333385,4,9.365597313590637,1.9675095104117202,17
3.0,RouteID_9475872b-287f-4c2c-8e29-887766a4e090,RB,0.02,0.2,20048.57,119,573.2283333333289,0,2.8591981040709085,1.8056043638187598,9
3.0,RouteID_9475872b-287f-4c2c-8e29-887766a4e090,Slack,0.02,0.2,20048.57,119,221.371666666666,0,1.104176839877687,1.9390266412925738,11
3.0,RouteID_9475872b-287f-4c2c-8e29-887766a4e090,Deadline,0.02,0.2,20048.57,119,311.24833333333663,0,1.5524714896540583,1.9550228909434628,10
3.0,RouteID_9475872b-287f-4c2c-8e29-887766a4e090,Random,0.02,0.2,20048.57,119,291.0749999999971,0,1.4518491842560197,1.7283919656841327,8
3.0,RouteID_9475872b-287f-4c2c-8e29-887766a4e090,RA,0.05,0.1,20048.57,119,2025.7083333333358,2,10.104004092727491,4.75786723748441,11
3.0,RouteID_9475872b-287f-4c2c-8e29-887766a4e090,AB,0.05,0.1,20048.57,119,2094.051666666659,2,10.444892910899178,3.27968255517197,12
3.0,RouteID_9475872b-287f-4c2c-8e29-887766a4e090,RB,0.05,0.1,20048.57,119,557.9033333333355,0,2.782758737073694,1.7789293875138168,8
3.0,RouteID_9475872b-287f-4c2c-8e29-887766a4e090,Slack,0.05,0.1,20048.57,119,79.93166666667094,0,0.39869011439055724,1.89684688375859,8
3.0,RouteID_9475872b-287f-4c2c-8e29-887766a4e090,Deadline,0.05,0.1,20048.57,119,307.0199999999968,0,1.5313810411415716,4.943452278838039,10
3.0,RouteID_9475872b-287f-4c2c-8e29-887766a4e090,Random,0.05,0.1,20048.57,119,210.31166666666832,0,1.0490108105798484,4.02053834845142,11
3.0,RouteID_9475872b-287f-4c2c-8e29-887766a4e090,RA,0.05,0.2,20048.57,119,2555.4366666666683,3,12.746229115925317,4.991649025275376,23
3.0,RouteID_9475872b-287f-4c2c-8e29-887766a4e090,AB,0.05,0.2,20048.57,119,2507.909999999996,3,12.509171477067921,4.9864873963450655,21
3.0,RouteID_9475872b-287f-4c2c-8e29-887766a4e090,RB,0.05,0.2,20048.57,119,575.8199999999961,0,2.872125044329825,2.013677499423038,10
3.0,RouteID_9475872b-287f-4c2c-8e29-887766a4e090,Slack,0.05,0.2,20048.57,119,333.54166666667516,0,1.6636681153153323,4.878647743459133,15
3.0,RouteID_9475872b-287f-4c2c-8e29-887766a4e090,Deadline,0.05,0.2,20048.57,119,398.39333333332615,0,1.9871408950031157,4.901695233721979,12
3.0,RouteID_9475872b-287f-4c2c-8e29-887766a4e090,Random,0.05,0.2,20048.57,119,818.491666666665,1,4.082543875531596,4.869622910572953,16
4.0,RouteID_693060a6-88bb-4324-9e9c-925d5240263c,RA,0.02,0.1,7735.535000000002,77,702.6683333333358,4,9.083642350960027,1.8635461279600096,13
4.0,RouteID_693060a6-88bb-4324-9e9c-925d5240263c,AB,0.02,0.1,7735.535000000002,77,861.2283333333353,5,11.133403615048412,1.9185452431640961,12
4.0,RouteID_693060a6-88bb-4324-9e9c-925d5240263c,RB,0.02,0.1,7735.535000000002,77,64.93666666666923,0,0.8394592832515038,1.3426187036102761,4
4.0,RouteID_693060a6-88bb-4324-9e9c-925d5240263c,Slack,0.02,0.1,7735.535000000002,77,220.13500000000113,0,2.845763092016274,1.913200095912901,9
4.0,RouteID_693060a6-88bb-4324-9e9c-925d5240263c,Deadline,0.02,0.1,7735.535000000002,77,38.405000000002474,0,0.4964750337242668,1.3842976814783108,3
4.0,RouteID_693060a6-88bb-4324-9e9c-925d5240263c,Random,0.02,0.1,7735.535000000002,77,236.70666666666693,1,3.059990894833607,1.840131706510674,3
4.0,RouteID_693060a6-88bb-4324-9e9c-925d5240263c,RA,0.02,0.2,7735.535000000002,77,963.9416666666675,5,12.461215244539224,1.6172959188946432,19
4.0,RouteID_693060a6-88bb-4324-9e9c-925d5240263c,AB,0.02,0.2,7735.535000000002,77,967.2933333333349,5,12.504543426321963,1.9357787618701605,17
4.0,RouteID_693060a6-88bb-4324-9e9c-925d5240263c,RB,0.02,0.2,7735.535000000002,77,116.37833333333401,0,1.504463923094317,1.6833593830981086,8
4.0,RouteID_693060a6-88bb-4324-9e9c-925d5240263c,Slack,0.02,0.2,7735.535000000002,77,360.2983333333341,1,4.6577041320779236,1.9648942897660737,11
4.0,RouteID_693060a6-88bb-4324-9e9c-925d5240263c,Deadline,0.02,0.2,7735.535000000002,77,119.72500000000127,0,1.5477274681066178,1.8827061000673688,6
4.0,RouteID_693060a6-88bb-4324-9e9c-925d5240263c,Random,0.02,0.2,7735.535000000002,77,514.7450000000017,2,6.654290879687075,1.1014796419247785,5
4.0,RouteID_693060a6-88bb-4324-9e9c-925d5240263c,RA,0.05,0.1,7735.535000000002,77,1023.8283333333338,5,13.235391389649632,3.846286007249671,15
4.0,RouteID_693060a6-88bb-4324-9e9c-925d5240263c,AB,0.05,0.1,7735.535000000002,77,913.6400000000012,4,11.810947788355957,4.957568436738926,11
4.0,RouteID_693060a6-88bb-4324-9e9c-925d5240263c,RB,0.05,0.1,7735.535000000002,77,69.27666666666755,1,0.8955639999905313,2.1628208339584005,5
4.0,RouteID_693060a6-88bb-4324-9e9c-925d5240263c,Slack,0.05,0.1,7735.535000000002,77,570.5250000000015,1,7.375378690678813,0.5778135005153394,12
4.0,RouteID_693060a6-88bb-4324-9e9c-925d5240263c,Deadline,0.05,0.1,7735.535000000002,77,38.405000000002474,0,0.4964750337242668,1.3842976814783108,3
4.0,RouteID_693060a6-88bb-4324-9e9c-925d5240263c,Random,0.05,0.1,7735.535000000002,77,236.70666666666693,1,3.059990894833607,1.840131706510674,3
4.0,RouteID_693060a6-88bb-4324-9e9c-925d5240263c,RA,0.05,0.2,7735.535000000002,77,1451.430000000002,5,18.763149542985737,0.7653872027415328,25
4.0,RouteID_693060a6-88bb-4324-9e9c-925d5240263c,AB,0.05,0.2,7735.535000000002,77,1087.500000000001,4,14.058497569980624,0.32005119583839076,17
4.0,RouteID_693060a6-88bb-4324-9e9c-925d5240263c,RB,0.05,0.2,7735.535000000002,77,174.35999999999967,1,2.2540134586683354,3.849320160076508,11
4.0,RouteID_693060a6-88bb-4324-9e9c-925d5240263c,Slack,0.05,0.2,7735.535000000002,77,1153.0433333333349,4,14.905799448045087,3.953675289204703,25
4.0,RouteID_693060a6-88bb-4324-9e9c-925d5240263c,Deadline,0.05,0.2,7735.535000000002,77,189.93666666667013,1,2.4553785441688274,4.03144728079763,9
4.0,RouteID_693060a6-88bb-4324-9e9c-925d5240263c,Random,0.05,0.2,7735.535000000002,77,545.2900000000027,3,7.049156910284843,2.704170370446604,9
4.0,RouteID_7f5d87f0-c39f-434f-bf3f-b159ef321909,RA,0.02,0.1,13805.556666666664,94,1863.1783333333333,3,13.495858068743821,-0.5088675024400579,15
4.0,RouteID_7f5d87f0-c39f-434f-bf3f-b159ef321909,AB,0.02,0.1,13805.556666666664,94,1863.1783333333333,3,13.495858068743821,-0.5088675024400579,15
4.0,RouteID_7f5d87f0-c39f-434f-bf3f-b159ef321909,RB,0.02,0.1,13805.556666666664,94,284.98666666666395,1,2.0642895722905585,1.2484948653857149,3
4.0,RouteID_7f5d87f0-c39f-434f-bf3f-b159ef321909,Slack,0.02,0.1,13805.556666666664,94,70.31666666666752,-1,0.5093359751037507,0.024235226141486793,7
4.0,RouteID_7f5d87f0-c39f-434f-bf3f-b159ef321909,Deadline,0.02,0.1,13805.556666666664,94,442.41833333333307,0,3.2046395811155253,1.5324818196538292,4
4.0,RouteID_7f5d87f0-c39f-434f-bf3f-b159ef321909,Random,0.02,0.1,13805.556666666664,94,307.0716666666631,0,2.2242613904014723,0.9479963190596281,4
4.0,RouteID_7f5d87f0-c39f-434f-bf3f-b159ef321909,RA,0.02,0.2,13805.556666666664,94,2140.3383333333295,4,15.503455492679613,1.3503144028887482,30
4.0,RouteID_7f5d87f0-c39f-434f-bf3f-b159ef321909,AB,0.02,0.2,13805.556666666664,94,2140.3383333333295,4,15.503455492679613,1.3503144028887482,30
4.0,RouteID_7f5d87f0-c39f-434f-bf3f-b159ef321909,RB,0.02,0.2,13805.556666666664,94,401.518333333328,1,2.908382059687522,1.788198078594985,7
4.0,RouteID_7f5d87f0-c39f-434f-bf3f-b159ef321909,Slack,0.02,0.2,13805.556666666664,94,740.1266666666652,0,5.361078039349847,-0.002770653187296455,15
4.0,RouteID_7f5d87f0-c39f-434f-bf3f-b159ef321909,Deadline,0.02,0.2,13805.556666666664,94,704.6483333333308,1,5.104092144539851,1.8071675104320253,7
4.0,RouteID_7f5d87f0-c39f-434f-bf3f-b159ef321909,Random,0.02,0.2,13805.556666666664,94,405.48999999999796,1,2.9371506690421856,1.5351370391488235,7
4.0,RouteID_7f5d87f0-c39f-434f-bf3f-b159ef321909,RA,0.05,0.1,13805.556666666664,94,1863.1783333333333,3,13.495858068743821,-0.5088675024400579,15
4.0,RouteID_7f5d87f0-c39f-434f-bf3f-b159ef321909,AB,0.05,0.1,13805.556666666664,94,1863.1783333333333,3,13.495858068743821,-0.5088675024400579,15
4.0,RouteID_7f5d87f0-c39f-434f-bf3f-b159ef321909,RB,0.05,0.1,13805.556666666664,94,284.98666666666395,1,2.0642895722905585,1.2484948653857149,3
4.0,RouteID_7f5d87f0-c39f-434f-bf3f-b159ef321909,Slack,0.05,0.1,13805.556666666664,94,70.31666666666752,-1,0.5093359751037507,0.024235226141486793,7
4.0,RouteID_7f5d87f0-c39f-434f-bf3f-b159ef321909,Deadline,0.05,0.1,13805.556666666664,94,463.899999999996,0,3.3602411782501784,2.2107007615505876,5
4.0,RouteID_7f5d87f0-c39f-434f-bf3f-b159ef321909,Random,0.05,0.1,13805.556666666664,94,307.0716666666631,0,2.2242613904014723,0.9479963190596281,4
4.0,RouteID_7f5d87f0-c39f-434f-bf3f-b159ef321909,RA,0.05,0.2,13805.556666666664,94,2174.9199999999964,4,15.753946418193424,3.3376028406596667,32
4.0,RouteID_7f5d87f0-c39f-434f-bf3f-b159ef321909,AB,0.05,0.2,13805.556666666664,94,2174.9199999999964,4,15.753946418193424,3.3376028406596667,32
4.0,RouteID_7f5d87f0-c39f-434f-bf3f-b159ef321909,RB,0.05,0.2,13805.556666666664,94,872.2400000000016,3,6.318035708810016,4.355012907376948,11
4.0,RouteID_7f5d87f0-c39f-434f-bf3f-b159ef321909,Slack,0.05,0.2,13805.556666666664,94,740.1266666666652,0,5.361078039349847,-0.002770653187296455,15
4.0,RouteID_7f5d87f0-c39f-434f-bf3f-b159ef321909,Deadline,0.05,0.2,13805.556666666664,94,775.1783333333315,2,5.614973391149011,4.602256533191667,11
4.0,RouteID_7f5d87f0-c39f-434f-bf3f-b159ef321909,Random,0.05,0.2,13805.556666666664,94,405.48999999999796,1,2.9371506690421856,1.5351370391488235,7
4.0,RouteID_9475872b-287f-4c2c-8e29-887766a4e090,RA,0.02,0.1,13561.263333333336,99,1835.7416666666704,5,13.536656737241074,1.5366982098091524,12
4.0,RouteID_9475872b-287f-4c2c-8e29-887766a4e090,AB,0.02,0.1,13561.263333333336,99,1814.453333333331,4,13.379677753719582,1.8048658637797057,12
4.0,RouteID_9475872b-287f-4c2c-8e29-887766a4e090,RB,0.02,0.1,13561.263333333336,99,493.76000000000386,1,3.6409587209058234,0.45136343479259,7
4.0,RouteID_9475872b-287f-4c2c-8e29-887766a4e090,Slack,0.02,0.1,13561.263333333336,99,79.93166666666548,0,0.5894116551088194,1.89684688375859,8
4.0,RouteID_9475872b-287f-4c2c-8e29-887766a4e090,Deadline,0.02,0.1,13561.263333333336,99,169.95833333333758,1,1.2532632775855264,1.4943869359884687,7
4.0,RouteID_9475872b-287f-4c2c-8e29-887766a4e090,Random,0.02,0.1,13561.263333333336,99,102.05000000000655,0,0.7525110123713145,1.9997396034133708,7
4.0,RouteID_9475872b-287f-4c2c-8e29-887766a4e090,RA,0.02,0.2,13561.263333333336,99,2068.861666666671,5,15.255670624590314,1.9009637534963504,17
4.0,RouteID_9475872b-287f-4c2c-8e29-887766a4e090,AB,0.02,0.2,13561.263333333336,99,2160.7300000000087,5,15.933102594424032,1.9684067992122245,20
4.0,RouteID_9475872b-287f-4c2c-8e29-887766a4e090,RB,0.02,0.2,13561.263333333336,99,572.5833333333339,1,4.222197587786196,1.1965258021797038,10
4.0,RouteID_9475872b-287f-4c2c-8e29-887766a4e090,Slack,0.02,0.2,13561.263333333336,99,221.37166666667144,0,1.632382332127892,1.9390266412925738,11
4.0,RouteID_9475872b-287f-4c2c-8e29-887766a4e090,Deadline,0.02,0.2,13561.263333333336,99,303.1616666666687,1,2.2354972336648227,1.9550228909434628,10
4.0,RouteID_9475872b-287f-4c2c-8e29-887766a4e090,Random,0.02,0.2,13561.263333333336,99,260.19166666667115,1,1.9186388485438874,1.7295318083823323,9
4.0,RouteID_9475872b-287f-4c2c-8e29-887766a4e090,RA,0.05,0.1,13561.263333333336,99,1974.150000000005,5,14.557272073226251,4.050710643033766,14
4.0,RouteID_9475872b-287f-4c2c-8e29-887766a4e090,AB,0.05,0.1,13561.263333333336,99,1926.9816666666684,4,14.209455412094114,4.977450749111403,14
4.0,RouteID_9475872b-287f-4c2c-8e29-887766a4e090,RB,0.05,0.1,13561.263333333336,99,613.1183333333374,1,4.521100418618845,4.483236998593297,8
4.0,RouteID_9475872b-287f-4c2c-8e29-887766a4e090,Slack,0.05,0.1,13561.263333333336,99,79.93166666666548,0,0.5894116551088194,1.89684688375859,8
4.0,RouteID_9475872b-287f-4c2c-8e29-887766a4e090,Deadline,0.05,0.1,13561.263333333336,99,285.24833333334027,1,2.103405312042021,4.943452278838039,10
4.0,RouteID_9475872b-287f-4c2c-8e29-887766a4e090,Random,0.05,0.1,13561.263333333336,99,191.14833333333627,1,1.4095171565874485,3.1455845031030694,10
4.0,RouteID_9475872b-287f-4c2c-8e29-887766a4e090,RA,0.05,0.2,13561.263333333336,99,2261.790000000001,5,16.678313401971646,4.950480716021026,20
4.0,RouteID_9475872b-287f-4c2c-8e29-887766a4e090,AB,0.05,0.2,13561.263333333336,99,2212.1900000000023,5,16.312565766365438,4.899401753373199,20
4.0,RouteID_9475872b-287f-4c2c-8e29-887766a4e090,RB,0.05,0.2,13561.263333333336,99,689.1250000000055,1,5.081569342482635,4.925229345417886,11
4.0,RouteID_9475872b-287f-4c2c-8e29-887766a4e090,Slack,0.05,0.2,13561.263333333336,99,333.5416666666679,0,2.4595176604736273,4.878647743459133,15
4.0,RouteID_9475872b-287f-4c2c-8e29-887766a4e090,Deadline,0.05,0.2,13561.263333333336,99,369.6216666666678,1,2.725569569600087,4.901695233721979,12
4.0,RouteID_9475872b-287f-4c2c-8e29-887766a4e090,Random,0.05,0.2,13561.263333333336,99,775.6900000000096,2,5.719894827890982,4.69392704336477,16
5.0,RouteID_693060a6-88bb-4324-9e9c-925d5240263c,RA,0.02,0.1,3730.9649999999997,57,423.8016666666658,4,11.35903624576124,1.6313080557200372,12
5.0,RouteID_693060a6-88bb-4324-9e9c-925d5240263c,AB,0.02,0.1,3730.9649999999997,57,549.8949999999991,5,14.738680207399401,1.6223467472004562,12
5.0,RouteID_693060a6-88bb-4324-9e9c-925d5240263c,RB,0.02,0.1,3730.9649999999997,57,34.85833333333312,1,0.9342980524698872,1.7264248944067997,4
5.0,RouteID_693060a6-88bb-4324-9e9c-925d5240263c,Slack,0.02,0.1,3730.9649999999997,57,165.10833333333312,1,4.425351975516606,1.9011427446176579,9
5.0,RouteID_693060a6-88bb-4324-9e9c-925d5240263c,Deadline,0.02,0.1,3730.9649999999997,57,34.39666666666653,1,0.9219241313350979,1.3842976814783108,3
5.0,RouteID_693060a6-88bb-4324-9e9c-925d5240263c,Random,0.02,0.1,3730.9649999999997,57,141.45666666666648,2,3.791423041134572,1.840131706510674,3
5.0,RouteID_693060a6-88bb-4324-9e9c-925d5240263c,RA,0.02,0.2,3730.9649999999997,57,666.4616666666661,6,17.862983615945637,1.6905538494144525,20
5.0,RouteID_693060a6-88bb-4324-9e9c-925d5240263c,AB,0.02,0.2,3730.9649999999997,57,625.2033333333338,6,16.75714817301513,1.9837741055011016,18
5.0,RouteID_693060a6-88bb-4324-9e9c-925d5240263c,RB,0.02,0.2,3730.9649999999997,57,79.4716666666668,1,2.130056611805976,1.9561545102660456,7
5.0,RouteID_693060a6-88bb-4324-9e9c-925d5240263c,Slack,0.02,0.2,3730.9649999999997,57,265.7249999999999,3,7.1221520437741965,1.9975076797528242,12
5.0,RouteID_693060a6-88bb-4324-9e9c-925d5240263c,Deadline,0.02,0.2,3730.9649999999997,57,94.08666666666659,1,2.521778324553208,1.8827061000673688,6
5.0,RouteID_693060a6-88bb-4324-9e9c-925d5240263c,Random,0.02,0.2,3730.9649999999997,57,343.1966666666667,3,9.198603221061221,1.1014796419247785,5
5.0,RouteID_693060a6-88bb-4324-9e9c-925d5240263c,RA,0.05,0.1,3730.9649999999997,57,455.1833333333325,4,12.200150184559021,4.946259648913003,12
5.0,RouteID_693060a6-88bb-4324-9e9c-925d5240263c,AB,0.05,0.1,3730.9649999999997,57,645.7766666666671,5,17.308569409433407,4.499291320781907,12
5.0,RouteID_693060a6-88bb-4324-9e9c-925d5240263c,RB,0.05,0.1,3730.9649999999997,57,101.59666666666635,1,2.7230667311718646,3.480420274472302,4
5.0,RouteID_693060a6-88bb-4324-9e9c-925d5240263c,Slack,0.05,0.1,3730.9649999999997,57,410.25833333333276,4,10.99603811167708,0.9658903837820538,11
5.0,RouteID_693060a6-88bb-4324-9e9c-925d5240263c,Deadline,0.05,0.1,3730.9649999999997,57,34.39666666666653,1,0.9219241313350979,1.3842976814783108,3
5.0,RouteID_693060a6-88bb-4324-9e9c-925d5240263c,Random,0.05,0.1,3730.9649999999997,57,141.45666666666648,2,3.791423041134572,1.840131706510674,3
5.0,RouteID_693060a6-88bb-4324-9e9c-925d5240263c,RA,0.05,0.2,3730.9649999999997,57,724.9049999999988,6,19.42942375498025,1.0476260253647713,20
5.0,RouteID_693060a6-88bb-4324-9e9c-925d5240263c,AB,0.05,0.2,3730.9649999999997,57,792.4666666666667,6,21.240260004225895,1.1128907839710558,22
5.0,RouteID_693060a6-88bb-4324-9e9c-925d5240263c,RB,0.05,0.2,3730.9649999999997,57,211.33999999999924,2,5.6644862656175885,3.677507964636432,9
5.0,RouteID_693060a6-88bb-4324-9e9c-925d5240263c,Slack,0.05,0.2,3730.9649999999997,57,719.4233333333332,6,19.282500193202917,3.4336476177324307,22
5.0,RouteID_693060a6-88bb-4324-9e9c-925d5240263c,Deadline,0.05,0.2,3730.9649999999997,57,131.8699999999999,1,3.5344743250070665,4.03144728079763,9
5.0,RouteID_693060a6-88bb-4324-9e9c-925d5240263c,Random,0.05,0.2,3730.9649999999997,57,357.5699999999997,3,9.583847610470743,4.012888302005804,8
5.0,RouteID_7f5d87f0-c39f-434f-bf3f-b159ef321909,RA,0.02,0.1,8737.174999999997,74,1639.9583333333321,4,18.769892251595426,-0.5088675024400579,15
5.0,RouteID_7f5d87f0-c39f-434f-bf3f-b159ef321909,AB,0.02,0.1,8737.174999999997,74,1644.3199999999988,4,18.81981304025614,-0.9675151702834393,15
5.0,RouteID_7f5d87f0-c39f-434f-bf3f-b159ef321909,RB,0.02,0.1,8737.174999999997,74,1.523333333330811,0,0.017435078653349756,0.4430291932868858,2
5.0,RouteID_7f5d87f0-c39f-434f-bf3f-b159ef321909,Slack,0.02,0.1,8737.174999999997,74,70.3166666666657,-1,0.8047986525011313,0.024235226141486793,7
5.0,RouteID_7f5d87f0-c39f-434f-bf3f-b159ef321909,Deadline,0.02,0.1,8737.174999999997,74,377.15333333333,1,4.316650786247616,1.5324818196538292,4
5.0,RouteID_7f5d87f0-c39f-434f-bf3f-b159ef321909,Random,0.02,0.1,8737.174999999997,74,249.73166666666293,0,2.858265591185515,0.9479963190596281,4
5.0,RouteID_7f5d87f0-c39f-434f-bf3f-b159ef321909,RA,0.02,0.2,8737.174999999997,74,1878.0083333333287,4,21.494457113807716,1.9202204954491633,29
5.0,RouteID_7f5d87f0-c39f-434f-bf3f-b159ef321909,AB,0.02,0.2,8737.174999999997,74,1914.4283333333287,5,21.91129665290359,1.623264178665913,30
5.0,RouteID_7f5d87f0-c39f-434f-bf3f-b159ef321909,RB,0.02,0.2,8737.174999999997,74,193.54499999999825,0,2.215189692320439,1.973649665802177,7
5.0,RouteID_7f5d87f0-c39f-434f-bf3f-b159ef321909,Slack,0.02,0.2,8737.174999999997,74,654.3616666666649,2,7.489396362859449,-0.10063571810065362,15
5.0,RouteID_7f5d87f0-c39f-434f-bf3f-b159ef321909,Deadline,0.02,0.2,8737.174999999997,74,582.413333333332,2,6.665922719109234,1.8071675104320253,7
5.0,RouteID_7f5d87f0-c39f-434f-bf3f-b159ef321909,Random,0.02,0.2,8737.174999999997,74,326.7533333333304,1,3.7398052955712857,1.5351370391488235,7
5.0,RouteID_7f5d87f0-c39f-434f-bf3f-b159ef321909,RA,0.05,0.1,8737.174999999997,74,1639.9583333333321,4,18.769892251595426,-0.5088675024400579,15
5.0,RouteID_7f5d87f0-c39f-434f-bf3f-b159ef321909,AB,0.05,0.1,8737.174999999997,74,1644.3199999999988,4,18.81981304025614,-0.9675151702834393,15
5.0,RouteID_7f5d87f0-c39f-434f-bf3f-b159ef321909,RB,0.05,0.1,8737.174999999997,74,1.523333333330811,0,0.017435078653349756,0.4430291932868858,2
5.0,RouteID_7f5d87f0-c39f-434f-bf3f-b159ef321909,Slack,0.05,0.1,8737.174999999997,74,70.3166666666657,-1,0.8047986525011313,0.024235226141486793,7
5.0,RouteID_7f5d87f0-c39f-434f-bf3f-b159ef321909,Deadline,0.05,0.1,8737.174999999997,74,386.43833333332987,1,4.422920833488284,2.2107007615505876,5
5.0,RouteID_7f5d87f0-c39f-434f-bf3f-b159ef321909,Random,0.05,0.1,8737.174999999997,74,249.73166666666293,0,2.858265591185515,0.9479963190596281,4
5.0,RouteID_7f5d87f0-c39f-434f-bf3f-b159ef321909,RA,0.05,0.2,8737.174999999997,74,1903.284999999998,4,21.7837573357521,3.193950137817162,31
5.0,RouteID_7f5d87f0-c39f-434f-bf3f-b159ef321909,AB,0.05,0.2,8737.174999999997,74,1948.204999999999,5,22.29788232466443,3.610552616436846,32
5.0,RouteID_7f5d87f0-c39f-434f-bf3f-b159ef321909,RB,0.05,0.2,8737.174999999997,74,199.84499999999753,0,2.287295378654972,4.903156221049147,8
5.0,RouteID_7f5d87f0-c39f-434f-bf3f-b159ef321909,Slack,0.05,0.2,8737.174999999997,74,654.3616666666649,2,7.489396362859449,-0.10063571810065362,15
5.0,RouteID_7f5d87f0-c39f-434f-bf3f-b159ef321909,Deadline,0.05,0.2,8737.174999999997,74,641.6983333333301,2,7.344460118211324,4.602256533191667,11
5.0,RouteID_7f5d87f0-c39f-434f-bf3f-b159ef321909,Random,0.05,0.2,8737.174999999997,74,326.7533333333304,1,3.7398052955712857,1.5351370391488235,7
5.0,RouteID_9475872b-287f-4c2c-8e29-887766a4e090,RA,0.02,0.1,8243.433333333336,77,1129.853333333337,7,13.706101422142108,1.8051096276221312,10
5.0,RouteID_9475872b-287f-4c2c-8e29-887766a4e090,AB,0.02,0.1,8243.433333333336,77,1085.520000000004,7,13.16829961626026,1.9765390022359386,9
5.0,RouteID_9475872b-287f-4c2c-8e29-887766a4e090,RB,0.02,0.1,8243.433333333336,77,192.75666666667075,1,2.338305641257939,1.55196872399385,7
5.0,RouteID_9475872b-287f-4c2c-8e29-887766a4e090,Slack,0.02,0.1,8243.433333333336,77,79.93166666666912,0,0.9696404815146087,1.89684688375859,8
5.0,RouteID_9475872b-287f-4c2c-8e29-887766a4e090,Deadline,0.02,0.1,8243.433333333336,77,147.59166666666897,1,1.7904149969875285,1.4943869359884687,7
5.0,RouteID_9475872b-287f-4c2c-8e29-887766a4e090,Random,0.02,0.1,8243.433333333336,77,93.34333333333598,0,1.1323356368503732,1.9997396034133708,7
5.0,RouteID_9475872b-287f-4c2c-8e29-887766a4e090,RA,0.02,0.2,8243.433333333336,77,1297.8283333333338,8,15.743783941157204,1.977556046362829,15
5.0,RouteID_9475872b-287f-4c2c-8e29-887766a4e090,AB,0.02,0.2,8243.433333333336,77,1274.8283333333356,8,15.46477398171476,1.887771761409688,14
5.0,RouteID_9475872b-287f-4c2c-8e29-887766a4e090,RB,0.02,0.2,8243.433333333336,77,239.4616666666716,1,2.904877821943181,1.7910669523707985,11
5.0,RouteID_9475872b-287f-4c2c-8e29-887766a4e090,Slack,0.02,0.2,8243.433333333336,77,213.7350000000024,1,2.592791029627651,1.9148965730797687,11
5.0,RouteID_9475872b-287f-4c2c-8e29-887766a4e090,Deadline,0.02,0.2,8243.433333333336,77,260.20833333333394,2,3.156552892605434,1.9550228909434628,10
5.0,RouteID_9475872b-287f-4c2c-8e29-887766a4e090,Random,0.02,0.2,8243.433333333336,77,215.39166666666824,2,2.6128878339527,1.7295318083823323,9
5.0,RouteID_9475872b-287f-4c2c-8e29-887766a4e090,RA,0.05,0.1,8243.433333333336,77,1630.9400000000032,9,19.78471753274327,3.8792002257686766,14
5.0,RouteID_9475872b-287f-4c2c-8e29-887766a4e090,AB,0.05,0.1,8243.433333333336,77,1613.2600000000039,9,19.570243790006632,4.4707785490934,14
5.0,RouteID_9475872b-287f-4c2c-8e29-887766a4e090,RB,0.05,0.1,8243.433333333336,77,192.75666666667075,1,2.338305641257939,1.55196872399385,7
5.0,RouteID_9475872b-287f-4c2c-8e29-887766a4e090,Slack,0.05,0.1,8243.433333333336,77,79.93166666666912,0,0.9696404815146087,1.89684688375859,8
5.0,RouteID_9475872b-287f-4c2c-8e29-887766a4e090,Deadline,0.05,0.1,8243.433333333336,77,240.88833333333696,2,2.9221845266738,4.943452278838039,10
5.0,RouteID_9475872b-287f-4c2c-8e29-887766a4e090,Random,0.05,0.1,8243.433333333336,77,171.33166666667148,1,2.0784017986033905,3.1455845031030694,10
5.0,RouteID_9475872b-287f-4c2c-8e29-887766a4e090,RA,0.05,0.2,8243.433333333336,77,1848.006666666669,11,22.417924570264027,4.9238937627806445,21
5.0,RouteID_9475872b-287f-4c2c-8e29-887766a4e090,AB,0.05,0.2,8243.433333333336,77,1876.3166666666693,11,22.761349437734303,4.915452896501793,22
5.0,RouteID_9475872b-287f-4c2c-8e29-887766a4e090,RB,0.05,0.2,8243.433333333336,77,468.87000000000444,4,5.6877999862517346,4.900405257228684,16
5.0,RouteID_9475872b-287f-4c2c-8e29-887766a4e090,Slack,0.05,0.2,8243.433333333336,77,325.9050000000025,1,3.9535104709607527,4.854517675246349,15
5.0,RouteID_9475872b-287f-4c2c-8e29-887766a4e090,Deadline,0.05,0.2,8243.433333333336,77,303.8766666666679,3,3.6862876713990667,4.901695233721979,12
5.0,RouteID_9475872b-287f-4c2c-8e29-887766a4e090,Random,0.05,0.2,8243.433333333336,77,608.0866666666698,6,7.376618965398757,4.69392704336477,16
6.0,RouteID_693060a6-88bb-4324-9e9c-925d5240263c,RA,0.02,0.1,1120.9316666666666,31,210.3366666666666,3,18.764450405094564,1.919650775544474,10
6.0,RouteID_693060a6-88bb-4324-9e9c-925d5240263c,AB,0.02,0.1,1120.9316666666666,31,302.01166666666654,5,26.942915045371475,1.852335228158206,12
6.0,RouteID_693060a6-88bb-4324-9e9c-925d5240263c,RB,0.02,0.1,1120.9316666666666,31,35.046666666666624,0,3.126565847754617,1.5496666481849106,4
6.0,RouteID_693060a6-88bb-4324-9e9c-925d5240263c,Slack,0.02,0.1,1120.9316666666666,31,117.91333333333341,0,10.519225822567247,1.9011427446176579,9
6.0,RouteID_693060a6-88bb-4324-9e9c-925d5240263c,Deadline,0.02,0.1,1120.9316666666666,31,24.36833333333334,1,2.1739356695843792,1.170182967225281,2
6.0,RouteID_693060a6-88bb-4324-9e9c-925d5240263c,Random,0.02,0.1,1120.9316666666666,31,45.318333333333385,1,4.042916680915731,1.4897347755289576,2
6.0,RouteID_693060a6-88bb-4324-9e9c-925d5240263c,RA,0.02,0.2,1120.9316666666666,31,287.6716666666666,5,25.66362207627881,1.9208881040865582,15
6.0,RouteID_693060a6-88bb-4324-9e9c-925d5240263c,AB,0.02,0.2,1120.9316666666666,31,330.2116666666666,5,29.45867946157883,1.9435989365034065,15
6.0,RouteID_693060a6-88bb-4324-9e9c-925d5240263c,RB,0.02,0.2,1120.9316666666666,31,50.84333333333325,1,4.535810241183294,1.57955438026847,6
6.0,RouteID_693060a6-88bb-4324-9e9c-925d5240263c,Slack,0.02,0.2,1120.9316666666666,31,142.0866666666666,2,12.67576524884805,1.9528369384708306,11
6.0,RouteID_693060a6-88bb-4324-9e9c-925d5240263c,Deadline,0.02,0.2,1120.9316666666666,31,55.90000000000009,2,4.9869230803542965,1.9118238973946236,5
6.0,RouteID_693060a6-88bb-4324-9e9c-925d5240263c,Random,0.02,0.2,1120.9316666666666,31,157.17499999999995,2,14.021818160191145,1.2482769748917795,5
6.0,RouteID_693060a6-88bb-4324-9e9c-925d5240263c,RA,0.05,0.1,1120.9316666666666,31,253.38666666666666,3,22.605005657496218,4.797683416983861,12
6.0,RouteID_693060a6-88bb-4324-9e9c-925d5240263c,AB,0.05,0.1,1120.9316666666666,31,327.3066666666666,5,29.199520042107828,4.936374866488107,11
6.0,RouteID_693060a6-88bb-4324-9e9c-925d5240263c,RB,0.05,0.1,1120.9316666666666,31,69.44999999999982,1,6.195738961191493,3.3036620282503772,4
6.0,RouteID_693060a6-88bb-4324-9e9c-925d5240263c,Slack,0.05,0.1,1120.9316666666666,31,238.36499999999967,4,21.264900179761153,0.9658903837820538,11
6.0,RouteID_693060a6-88bb-4324-9e9c-925d5240263c,Deadline,0.05,0.1,1120.9316666666666,31,24.36833333333334,1,2.1739356695843792,1.170182967225281,2
6.0,RouteID_693060a6-88bb-4324-9e9c-925d5240263c,Random,0.05,0.1,1120.9316666666666,31,45.318333333333385,1,4.042916680915731,1.4897347755289576,2
6.0,RouteID_693060a6-88bb-4324-9e9c-925d5240263c,RA,0.05,0.2,1120.9316666666666,31,392.65666666666675,6,35.029491836403956,1.5534856449541639,21
6.0,RouteID_693060a6-88bb-4324-9e9c-925d5240263c,AB,0.05,0.2,1120.9316666666666,31,405.0816666666666,6,36.13794477510523,1.8051151390733333,19
6.0,RouteID_693060a6-88bb-4324-9e9c-925d5240263c,RB,0.05,0.2,1120.9316666666666,31,126.61666666666656,2,11.295663280098838,2.7027269358757056,7
6.0,RouteID_693060a6-88bb-4324-9e9c-925d5240263c,Slack,0.05,0.2,1120.9316666666666,31,371.6283333333332,7,33.15352259058312,3.4336476177324307,22
6.0,RouteID_693060a6-88bb-4324-9e9c-925d5240263c,Deadline,0.05,0.2,1120.9316666666666,31,68.13666666666677,3,6.078574519112831,3.8173325665445996,8
6.0,RouteID_693060a6-88bb-4324-9e9c-925d5240263c,Random,0.05,0.2,1120.9316666666666,31,163.70499999999993,3,14.604369282100151,3.958033024441788,7
6.0,RouteID_7f5d87f0-c39f-434f-bf3f-b159ef321909,RA,0.02,0.1,4902.166666666666,52,1374.128333333333,5,28.031040696290756,-1.2660119755328723,15
6.0,RouteID_7f5d87f0-c39f-434f-bf3f-b159ef321909,AB,0.02,0.1,4902.166666666666,52,1375.0733333333328,5,28.050317886648752,-1.582180769013315,15
6.0,RouteID_7f5d87f0-c39f-434f-bf3f-b159ef321909,RB,0.02,0.1,4902.166666666666,52,17.424999999999272,0,0.35545507088700795,0.4622904025191974,3
6.0,RouteID_7f5d87f0-c39f-434f-bf3f-b159ef321909,Slack,0.02,0.1,4902.166666666666,52,70.3166666666657,-1,1.4343997552102616,0.024235226141486793,7
6.0,RouteID_7f5d87f0-c39f-434f-bf3f-b159ef321909,Deadline,0.02,0.1,4902.166666666666,52,300.0166666666646,1,6.120082956515785,1.880312189422888,5
6.0,RouteID_7f5d87f0-c39f-434f-bf3f-b159ef321909,Random,0.02,0.1,4902.166666666666,52,198.78166666666584,1,4.054975691020961,0.9479963190596281,4
6.0,RouteID_7f5d87f0-c39f-434f-bf3f-b159ef321909,RA,0.02,0.2,4902.166666666666,52,1581.3799999999997,6,32.25879713052052,1.5685259379472283,30
6.0,RouteID_7f5d87f0-c39f-434f-bf3f-b159ef321909,AB,0.02,0.2,4902.166666666666,52,1583.0933333333328,6,32.293747662598165,1.8038311429630927,30
6.0,RouteID_7f5d87f0-c39f-434f-bf3f-b159ef321909,RB,0.02,0.2,4902.166666666666,52,110.04999999999927,-1,2.2449257131200344,1.6316109276277226,8
6.0,RouteID_7f5d87f0-c39f-434f-bf3f-b159ef321909,Slack,0.02,0.2,4902.166666666666,52,513.0216666666656,1,10.465202461496597,-1.139822218898372,14
6.0,RouteID_7f5d87f0-c39f-434f-bf3f-b159ef321909,Deadline,0.02,0.2,4902.166666666666,52,324.2416666666668,1,6.614252201407544,1.9474047134360433,7
6.0,RouteID_7f5d87f0-c39f-434f-bf3f-b159ef321909,Random,0.02,0.2,4902.166666666666,52,252.5016666666661,1,5.150817665658032,1.5351370391488235,7
6.0,RouteID_7f5d87f0-c39f-434f-bf3f-b159ef321909,RA,0.05,0.1,4902.166666666666,52,1374.128333333333,5,28.031040696290756,-1.2660119755328723,15
6.0,RouteID_7f5d87f0-c39f-434f-bf3f-b159ef321909,AB,0.05,0.1,4902.166666666666,52,1375.0733333333328,5,28.050317886648752,-1.582180769013315,15
6.0,RouteID_7f5d87f0-c39f-434f-bf3f-b159ef321909,RB,0.05,0.1,4902.166666666666,52,17.424999999999272,0,0.35545507088700795,0.4622904025191974,3
6.0,RouteID_7f5d87f0-c39f-434f-bf3f-b159ef321909,Slack,0.05,0.1,4902.166666666666,52,70.3166666666657,-1,1.4343997552102616,0.024235226141486793,7
6.0,RouteID_7f5d87f0-c39f-434f-bf3f-b159ef321909,Deadline,0.05,0.1,4902.166666666666,52,300.0166666666646,1,6.120082956515785,1.880312189422888,5
6.0,RouteID_7f5d87f0-c39f-434f-bf3f-b159ef321909,Random,0.05,0.1,4902.166666666666,52,198.78166666666584,1,4.054975691020961,0.9479963190596281,4
6.0,RouteID_7f5d87f0-c39f-434f-bf3f-b159ef321909,RA,0.05,0.2,4902.166666666666,52,1581.3799999999997,6,32.25879713052052,1.5685259379472283,30
6.0,RouteID_7f5d87f0-c39f-434f-bf3f-b159ef321909,AB,0.05,0.2,4902.166666666666,52,1583.0933333333328,6,32.293747662598165,1.8038311429630927,30
6.0,RouteID_7f5d87f0-c39f-434f-bf3f-b159ef321909,RB,0.05,0.2,4902.166666666666,52,213.0566666666664,0,4.3461734607146445,3.101743859478294,10
6.0,RouteID_7f5d87f0-c39f-434f-bf3f-b159ef321909,Slack,0.05,0.2,4902.166666666666,52,513.0216666666656,1,10.465202461496597,-1.139822218898372,14
6.0,RouteID_7f5d87f0-c39f-434f-bf3f-b159ef321909,Deadline,0.05,0.2,4902.166666666666,52,318.47166666666726,1,6.496549144935926,4.993597442024812,7
6.0,RouteID_7f5d87f0-c39f-434f-bf3f-b159ef321909,Random,0.05,0.2,4902.166666666666,52,252.5016666666661,1,5.150817665658032,1.5351370391488235,7
6.0,RouteID_9475872b-287f-4c2c-8e29-887766a4e090,RA,0.02,0.1,4461.795,54,1164.2433333333338,9,26.093608812895567,1.6334364891658986,13
6.0,RouteID_9475872b-287f-4c2c-8e29-887766a4e090,AB,0.02,0.1,4461.795,54,1155.918333333333,9,25.907024713895037,1.927363792219397,12
6.0,RouteID_9475872b-287f-4c2c-8e29-887766a4e090,RB,0.02,0.1,4461.795,54,101.33500000000004,0,2.2711711317978533,1.6892422747345277,7
6.0,RouteID_9475872b-287f-4c2c-8e29-887766a4e090,Slack,0.02,0.1,4461.795,54,79.93166666666639,0,1.7914688296227503,1.89684688375859,8
6.0,RouteID_9475872b-287f-4c2c-8e29-887766a4e090,Deadline,0.02,0.1,4461.795,54,127.08333333333303,0,2.8482557655233607,1.4943869359884687,7
6.0,RouteID_9475872b-287f-4c2c-8e29-887766a4e090,Random,0.02,0.1,4461.795,54,74.57000000000062,0,1.671300451948165,1.9997396034133708,7
6.0,RouteID_9475872b-287f-4c2c-8e29-887766a4e090,RA,0.02,0.2,4461.795,54,1320.1833333333334,8,29.588614746606094,1.9654870627218508,20
6.0,RouteID_9475872b-287f-4c2c-8e29-887766a4e090,AB,0.02,0.2,4461.795,54,1287.5016666666666,11,28.856136749148416,1.988828814766643,18
6.0,RouteID_9475872b-287f-4c2c-8e29-887766a4e090,RB,0.02,0.2,4461.795,54,127.4350000000004,0,2.8561374962319066,1.915488303674077,9
6.0,RouteID_9475872b-287f-4c2c-8e29-887766a4e090,Slack,0.02,0.2,4461.795,54,184.82333333333372,1,4.142353768681298,1.9148965730797687,11
6.0,RouteID_9475872b-287f-4c2c-8e29-887766a4e090,Deadline,0.02,0.2,4461.795,54,212.23999999999978,1,4.756829930554851,1.9550228909434628,10
6.0,RouteID_9475872b-287f-4c2c-8e29-887766a4e090,Random,0.02,0.2,4461.795,54,161.33500000000004,1,3.6159213948646234,1.7295318083823323,9
6.0,RouteID_9475872b-287f-4c2c-8e29-887766a4e090,RA,0.05,0.1,4461.795,54,1214.7766666666666,8,27.226187367789567,4.191461227088788,14
6.0,RouteID_9475872b-287f-4c2c-8e29-887766a4e090,AB,0.05,0.1,4461.795,54,1113.1133333333337,8,24.94765746371883,4.208658932367555,11
6.0,RouteID_9475872b-287f-4c2c-8e29-887766a4e090,RB,0.05,0.1,4461.795,54,123.96000000000095,0,2.7782540434959686,2.8683888664743633,9
6.0,RouteID_9475872b-287f-4c2c-8e29-887766a4e090,Slack,0.05,0.1,4461.795,54,79.93166666666639,0,1.7914688296227503,1.89684688375859,8
6.0,RouteID_9475872b-287f-4c2c-8e29-887766a4e090,Deadline,0.05,0.1,4461.795,54,198.13500000000022,1,4.440701556212247,4.943452278838039,10
6.0,RouteID_9475872b-287f-4c2c-8e29-887766a4e090,Random,0.05,0.1,4461.795,54,133.05833333333248,0,2.9821704792204144,3.1455845031030694,10
6.0,RouteID_9475872b-287f-4c2c-8e29-887766a4e090,RA,0.05,0.2,4461.795,54,1355.5350000000003,10,30.38093413077025,4.93083117097442,20
6.0,RouteID_9475872b-287f-4c2c-8e29-887766a4e090,AB,0.05,0.2,4461.795,54,1207.0233333333335,9,27.052415750462167,4.943914901426546,15
6.0,RouteID_9475872b-287f-4c2c-8e29-887766a4e090,RB,0.05,0.2,4461.795,54,288.8116666666674,1,6.4729927454458895,4.97586765518732,14
6.0,RouteID_9475872b-287f-4c2c-8e29-887766a4e090,Slack,0.05,0.2,4461.795,54,294.90166666666664,1,6.609484897147149,4.854517675246349,15
6.0,RouteID_9475872b-287f-4c2c-8e29-887766a4e090,Deadline,0.05,0.2,4461.795,54,242.7433333333338,1,5.440486022628422,4.901695233721979,12
6.0,RouteID_9475872b-287f-4c2c-8e29-887766a4e090,Random,0.05,0.2,4461.795,54,447.9633333333336,3,10.03998017240446,4.69392704336477,16
